arn,username,user_id,account_id,path,email_tag,created_date,password_last_used,access_key_last_used,account_type,has_console_access,has_programmatic_access,tags
arn:aws:iam::123456789012:user/jillr,jillr,AIDAVYU7CEPSOF3GG4KTB,123456789012,/,jill.rhodes@corp.nexusai.com,2020-08-05,2026-06-13 00:00:00,2026-06-13 00:00:00,human,True,False,"{""Department"": ""Executive"", ""Email"": ""jill.rhodes@corp.nexusai.com"", ""CostCenter"": ""Executive""}"
arn:aws:iam::123456789012:user/patricia-miller,patricia-miller,AIDAYP7JO5Q5QA5SKE4WT,123456789012,/,patricia.miller@corp.nexusai.com,2021-07-17,2026-06-19 00:00:00,2026-06-19 00:00:00,human,True,False,"{""Department"": ""Executive"", ""Email"": ""patricia.miller@corp.nexusai.com"", ""CostCenter"": ""Executive""}"
arn:aws:iam::123456789012:user/robert-johnson,robert-johnson,AIDARAD7SOWOMQIGCT4CX,123456789012,/,robert.johnson@corp.nexusai.com,2023-03-22,2026-06-14 00:00:00,2026-06-14 00:00:00,human,True,False,"{""Department"": ""Executive"", ""Email"": ""robert.johnson@corp.nexusai.com"", ""CostCenter"": ""Executive""}"
arn:aws:iam::123456789012:user/a.gonzalez,a.gonzalez,AIDA5T2HICCT7HGPIY5X2,123456789012,/,anthony.gonzalez@corp.nexusai.com,2021-05-11,2026-06-07 00:00:00,2026-06-07 00:00:00,human,True,False,"{""Department"": ""Executive"", ""Email"": ""anthony.gonzalez@corp.nexusai.com"", ""CostCenter"": ""Executive""}"
arn:aws:iam::123456789012:user/lisa-smith,lisa-smith,AIDANENNOVJARJIQLHBIA,123456789012,/it/,,2022-04-25,2026-06-14 00:00:00,2026-06-14 00:00:00,human,True,True,"{""Department"": ""IT-Operations"", ""Email"": ""lisa.smith@corp.nexusai.com"", ""CostCenter"": ""IT-Operations""}"
arn:aws:iam::123456789012:user/lindaw,lindaw,AIDAG4OCT5BD6Z3G74EFU,123456789012,/finance/,linda.wolfe@corp.nexusai.com,2023-09-12,2026-06-09 00:00:00,2026-06-09 00:00:00,human,True,False,"{""Department"": ""Finance"", ""Email"": ""linda.wolfe@corp.nexusai.com"", ""CostCenter"": ""Finance""}"
arn:aws:iam::123456789012:user/susan-rogers,susan-rogers,AIDAJ6EFFF3GXIDVH2W3D,123456789012,/,,2023-02-20,2026-06-15 00:00:00,2026-06-15 00:00:00,human,True,False,"{""Department"": ""Sales"", ""Email"": ""susan.rogers@corp.nexusai.com"", ""CostCenter"": ""Sales""}"
arn:aws:iam::123456789012:user/lindsay-blair,lindsay-blair,AIDANIQSUHA73LIYOWEZC,123456789012,/,,2025-02-01,2026-06-10 00:00:00,2026-06-10 00:00:00,human,True,False,"{""Department"": ""Legal"", ""Email"": ""lindsay.blair@corp.nexusai.com"", ""CostCenter"": ""Legal""}"
arn:aws:iam::123456789012:user/amanda-dudley,amanda-dudley,AIDA3B5EU3Z2SHZBUK5XF,123456789012,/,amanda.dudley@corp.nexusai.com,2024-10-26,2025-07-04 00:00:00,2025-07-04 00:00:00,human,True,False,"{""Department"": ""Sales"", ""Email"": ""amanda.dudley@corp.nexusai.com"", ""CostCenter"": ""Sales""}"
arn:aws:iam::123456789012:user/m.montgomery,m.montgomery,AIDAET54CDXSEFY5C4MU6,123456789012,/,maria.montgomery@corp.nexusai.com,2021-04-23,2026-06-09 00:00:00,2026-06-09 00:00:00,human,True,False,"{""Department"": ""Executive"", ""Email"": ""maria.montgomery@corp.nexusai.com"", ""CostCenter"": ""Executive""}"
arn:aws:iam::123456789012:user/christopher-hall,christopher-hall,AIDA45SY2KMIQD6XGHSFK,123456789012,/it/,,2025-06-07,2026-06-19 00:00:00,2026-06-19 00:00:00,human,True,True,"{""Department"": ""IT-Operations"", ""Email"": ""christopher.hall@corp.nexusai.com"", ""CostCenter"": ""IT-Operations""}"
arn:aws:iam::123456789012:user/d.lynch,d.lynch,AIDAWVL56LIE5CSMCMCUT,123456789012,/,deborah.lynch@corp.nexusai.com,2022-08-07,2026-06-19 00:00:00,2026-06-19 00:00:00,human,True,False,"{""Department"": ""Operations"", ""Email"": ""deborah.lynch@corp.nexusai.com"", ""CostCenter"": ""Operations""}"
arn:aws:iam::123456789012:user/g.daniel,g.daniel,AIDAZ4YVL77XRF3F3LSUG,123456789012,/,george.daniel@corp.nexusai.com,2022-09-04,2026-06-09 00:00:00,2026-06-09 00:00:00,human,True,False,"{""Department"": ""Operations"", ""Email"": ""george.daniel@corp.nexusai.com"", ""CostCenter"": ""Operations""}"
arn:aws:iam::123456789012:user/angela-cohen,angela-cohen,AIDAIE4L4FUWESTKLXOHM,123456789012,/it/,,2021-05-13,2026-06-14 00:00:00,2026-06-14 00:00:00,human,True,True,"{""Department"": ""IT-Operations"", ""Email"": ""angela.cohen@corp.nexusai.com"", ""CostCenter"": ""IT-Operations""}"
arn:aws:iam::123456789012:user/meganp,meganp,AIDA22EIUE45WILI3DHJT,123456789012,/it/,megan.parsons@corp.nexusai.com,2024-01-02,2026-06-16 00:00:00,2026-06-16 00:00:00,human,True,True,"{""Department"": ""IT-Operations"", ""Email"": ""megan.parsons@corp.nexusai.com"", ""CostCenter"": ""IT-Operations""}"
arn:aws:iam::123456789012:user/nancy-edwards,nancy-edwards,AIDAHR4PJGDSY2PKUUMK7,123456789012,/finance/,nancy.edwards@corp.nexusai.com,2021-11-10,2026-06-10 00:00:00,2026-06-10 00:00:00,human,True,False,"{""Department"": ""Finance"", ""Email"": ""nancy.edwards@corp.nexusai.com"", ""CostCenter"": ""Finance""}"
arn:aws:iam::123456789012:user/robine,robine,AIDADMXSEY4RHIGZXVXJM,123456789012,/,,2021-12-28,2026-06-10 00:00:00,2026-06-10 00:00:00,human,True,False,"{""Department"": ""Executive"", ""Email"": ""robin.ellis@corp.nexusai.com"", ""CostCenter"": ""Executive""}"
arn:aws:iam::123456789012:user/anna-baker,anna-baker,AIDA2TB6QOD6KYJPCHMB4,123456789012,/security/,anna.baker@corp.nexusai.com,2023-08-30,2026-06-19 00:00:00,2026-06-19 00:00:00,human,True,True,"{""Department"": ""Security"", ""Email"": ""anna.baker@corp.nexusai.com"", ""CostCenter"": ""Security""}"
arn:aws:iam::123456789012:user/b.hurst,b.hurst,AIDAYUL5VWQ6MPRTOTSN7,123456789012,/engineering/,brenda.hurst@corp.nexusai.com,2023-10-11,2026-06-13 00:00:00,2026-06-13 00:00:00,human,True,True,"{""Department"": ""Engineering"", ""Email"": ""brenda.hurst@corp.nexusai.com"", ""CostCenter"": ""Engineering""}"
arn:aws:iam::123456789012:user/reginald-robinson,reginald-robinson,AIDAFW4Q6NMRRIGPPDOOD,123456789012,/,reginald.robinson@corp.nexusai.com,2021-12-22,2026-06-13 00:00:00,2026-06-13 00:00:00,human,True,False,"{""Department"": ""Legal"", ""Email"": ""reginald.robinson@corp.nexusai.com"", ""CostCenter"": ""Legal""}"
arn:aws:iam::123456789012:user/christopherw,christopherw,AIDAATGVS57I5RMHVK5QL,123456789012,/,christopher.williams@corp.nexusai.com,2023-03-23,2026-06-13 00:00:00,2026-06-13 00:00:00,human,True,False,"{""Department"": ""HR"", ""Email"": ""christopher.williams@corp.nexusai.com"", ""CostCenter"": ""HR""}"
arn:aws:iam::123456789012:user/laura-henderson,laura-henderson,AIDAH5TKZTHSXOOI6J5X2,123456789012,/finance/,laura.henderson@corp.nexusai.com,2024-06-16,2026-06-11 00:00:00,2026-06-11 00:00:00,human,True,False,"{""Department"": ""Finance"", ""Email"": ""laura.henderson@corp.nexusai.com"", ""CostCenter"": ""Finance""}"
arn:aws:iam::123456789012:user/bryanj,bryanj,AIDA6NPF4XEHDMJKU4HN7,123456789012,/,bryan.james@corp.nexusai.com,2022-09-26,2025-07-14 00:00:00,2025-07-14 00:00:00,human,True,False,"{""Department"": ""Legal"", ""Email"": ""bryan.james@corp.nexusai.com"", ""CostCenter"": ""Legal""}"
arn:aws:iam::123456789012:user/d.graham,d.graham,AIDAYU22JTYL6POTJ5D22,123456789012,/finance/,daniel.graham@corp.nexusai.com,2024-08-05,2026-06-16 00:00:00,2026-06-16 00:00:00,human,True,False,"{""Department"": ""Finance"", ""Email"": ""daniel.graham@corp.nexusai.com"", ""CostCenter"": ""Finance""}"
arn:aws:iam::123456789012:user/aaronn,aaronn,AIDABNJZETKPYVYIFWDG3,123456789012,/,,2020-12-28,2025-02-06 00:00:00,2025-02-06 00:00:00,human,True,False,"{""Department"": ""Legal"", ""Email"": ""aaron.nguyen@corp.nexusai.com"", ""CostCenter"": ""Legal""}"
arn:aws:iam::123456789012:user/andrew-hickman,andrew-hickman,AIDAYFSPEFRJYJYUXGFAT,123456789012,/finance/,andrew.hickman@corp.nexusai.com,2023-11-22,2026-06-09 00:00:00,2026-06-09 00:00:00,human,True,False,"{""Department"": ""Finance"", ""Email"": ""andrew.hickman@corp.nexusai.com"", ""CostCenter"": ""Finance""}"
arn:aws:iam::123456789012:user/c.hodges,c.hodges,AIDAE27ITPQJ3YE46Z2CX,123456789012,/,chad.hodges@corp.nexusai.com,2021-04-28,2026-06-18 00:00:00,2026-06-18 00:00:00,human,True,False,"{""Department"": ""Operations"", ""Email"": ""chad.hodges@corp.nexusai.com"", ""CostCenter"": ""Operations""}"
arn:aws:iam::123456789012:user/katiea,katiea,AIDAO4XZ5JWB6GS2FHJWT,123456789012,/it/,katie.anderson@corp.nexusai.com,2024-06-16,2026-06-15 00:00:00,2026-06-15 00:00:00,human,True,True,"{""Department"": ""IT-Operations"", ""Email"": ""katie.anderson@corp.nexusai.com"", ""CostCenter"": ""IT-Operations""}"
arn:aws:iam::123456789012:user/david-walker,david-walker,AIDANDWRKUSSRGI2DRIIP,123456789012,/engineering/,,2023-07-28,2026-06-15 00:00:00,2026-06-15 00:00:00,human,True,True,"{""Department"": ""Engineering"", ""Email"": ""david.walker@corp.nexusai.com"", ""CostCenter"": ""Engineering""}"
arn:aws:iam::123456789012:user/jeremyw,jeremyw,AIDADZTO3FGAN6EIO4AAV,123456789012,/it/,jeremy.whitehead@corp.nexusai.com,2024-01-26,2026-06-15 00:00:00,2026-06-15 00:00:00,human,True,True,"{""Department"": ""IT-Operations"", ""Email"": ""jeremy.whitehead@corp.nexusai.com"", ""CostCenter"": ""IT-Operations""}"
arn:aws:iam::123456789012:user/jason-anderson,jason-anderson,AIDAAXUIY2XL6EBEAQNCD,123456789012,/finance/,jason.anderson@corp.nexusai.com,2024-10-23,2026-06-16 00:00:00,2026-06-16 00:00:00,human,True,False,"{""Department"": ""Finance"", ""Email"": ""jason.anderson@corp.nexusai.com"", ""CostCenter"": ""Finance""}"
arn:aws:iam::123456789012:user/s.duncan,s.duncan,AIDANJUZET3PDPF3H5DTL,123456789012,/security/,,2023-12-27,2025-08-03 00:00:00,2025-08-03 00:00:00,human,True,True,"{""Department"": ""Security"", ""Email"": ""selena.duncan@corp.nexusai.com"", ""CostCenter"": ""Security""}"
arn:aws:iam::123456789012:user/thomasm,thomasm,AIDABV3REQE75XD7KXKQG,123456789012,/,thomas.mueller@corp.nexusai.com,2022-07-26,2026-06-10 00:00:00,2026-06-10 00:00:00,human,True,False,"{""Department"": ""Executive"", ""Email"": ""thomas.mueller@corp.nexusai.com"", ""CostCenter"": ""Executive""}"
arn:aws:iam::123456789012:user/l.lee,l.lee,AIDA2OUP2UREXHDLOCZE5,123456789012,/finance/,,2025-05-06,2025-11-26 00:00:00,2025-11-26 00:00:00,human,True,False,"{""Department"": ""Finance"", ""Email"": ""lindsey.lee@corp.nexusai.com"", ""CostCenter"": ""Finance""}"
arn:aws:iam::123456789012:user/c.jordan,c.jordan,AIDAMPJA2BOWAVAYTGNP2,123456789012,/engineering/,collin.jordan@corp.nexusai.com,2024-10-24,2026-06-16 00:00:00,2026-06-16 00:00:00,human,True,True,"{""Department"": ""Engineering"", ""Email"": ""collin.jordan@corp.nexusai.com"", ""CostCenter"": ""Engineering""}"
arn:aws:iam::123456789012:user/r.morgan,r.morgan,AIDAZDTQLBZ4PG5GIHADO,123456789012,/,richard.morgan@corp.nexusai.com,2025-05-06,2025-06-17 00:00:00,2025-06-17 00:00:00,human,True,False,"{""Department"": ""Executive"", ""Email"": ""richard.morgan@corp.nexusai.com"", ""CostCenter"": ""Executive""}"
arn:aws:iam::123456789012:user/jamesw,jamesw,AIDAR4JCPS726DFRYI2MP,123456789012,/,james.west@corp.nexusai.com,2023-05-18,2026-06-19 00:00:00,2026-06-19 00:00:00,human,True,False,"{""Department"": ""Sales"", ""Email"": ""james.west@corp.nexusai.com"", ""CostCenter"": ""Sales""}"
arn:aws:iam::123456789012:user/r.ramirez,r.ramirez,AIDAOBRD6WOKGPPRDOYWL,123456789012,/,robert.ramirez@corp.nexusai.com,2024-07-24,2026-06-11 00:00:00,2026-06-11 00:00:00,human,True,False,"{""Department"": ""Executive"", ""Email"": ""robert.ramirez@corp.nexusai.com"", ""CostCenter"": ""Executive""}"
arn:aws:iam::123456789012:user/johnl,johnl,AIDAJJHXEXZGVTUIK37UL,123456789012,/,,2023-02-19,2025-08-23 00:00:00,2025-08-23 00:00:00,human,True,False,"{""Department"": ""Sales"", ""Email"": ""john.leblanc@corp.nexusai.com"", ""CostCenter"": ""Sales""}"
arn:aws:iam::123456789012:user/y.huff,y.huff,AIDAYG6OK4ECSBUQGEVKY,123456789012,/,yvette.huff@corp.nexusai.com,2021-08-24,2026-06-10 00:00:00,2026-06-10 00:00:00,human,True,False,"{""Department"": ""HR"", ""Email"": ""yvette.huff@corp.nexusai.com"", ""CostCenter"": ""HR""}"
arn:aws:iam::123456789012:user/melindam,melindam,AIDAXA3FS6MGBNKSF6HTZ,123456789012,/,melinda.martin@corp.nexusai.com,2020-11-03,2025-03-29 00:00:00,2025-03-29 00:00:00,human,True,False,"{""Department"": ""Marketing"", ""Email"": ""melinda.martin@corp.nexusai.com"", ""CostCenter"": ""Marketing""}"
arn:aws:iam::123456789012:user/richard-brown,richard-brown,AIDA26P6TFZCJH4LKNMIC,123456789012,/,richard.brown@corp.nexusai.com,2024-02-16,2026-06-10 00:00:00,2026-06-10 00:00:00,human,True,False,"{""Department"": ""Marketing"", ""Email"": ""richard.brown@corp.nexusai.com"", ""CostCenter"": ""Marketing""}"
arn:aws:iam::123456789012:user/s.henderson,s.henderson,AIDAD6RXBVTTR7GOIT4UR,123456789012,/,spencer.henderson@corp.nexusai.com,2021-05-07,2026-06-20 00:00:00,2026-06-20 00:00:00,human,True,False,"{""Department"": ""Legal"", ""Email"": ""spencer.henderson@corp.nexusai.com"", ""CostCenter"": ""Legal""}"
arn:aws:iam::123456789012:user/a.higgins,a.higgins,AIDAX5ZHBPX74L6WWKQFS,123456789012,/,,2024-01-18,2026-06-07 00:00:00,2026-06-07 00:00:00,human,True,False,"{""Department"": ""Operations"", ""Email"": ""angela.higgins@corp.nexusai.com"", ""CostCenter"": ""Operations""}"
arn:aws:iam::123456789012:user/e.phillips,e.phillips,AIDALAOQTR3YW5QN5TZGA,123456789012,/finance/,eric.phillips@corp.nexusai.com,2022-10-08,2026-06-09 00:00:00,2026-06-09 00:00:00,human,True,False,"{""Department"": ""Finance"", ""Email"": ""eric.phillips@corp.nexusai.com"", ""CostCenter"": ""Finance""}"
arn:aws:iam::123456789012:user/a.adkins,a.adkins,AIDAMVO6WTKLSG6IQLVFO,123456789012,/engineering/,amy.adkins@corp.nexusai.com,2022-11-22,2025-11-27 00:00:00,2025-11-27 00:00:00,human,True,True,"{""Department"": ""Engineering"", ""Email"": ""amy.adkins@corp.nexusai.com"", ""CostCenter"": ""Engineering""}"
arn:aws:iam::123456789012:user/brians,brians,AIDAHYT2DJIMV25JULF7V,123456789012,/it/,brian.silva@corp.nexusai.com,2023-11-18,2026-06-19 00:00:00,2026-06-19 00:00:00,human,True,True,"{""Department"": ""IT-Operations"", ""Email"": ""brian.silva@corp.nexusai.com"", ""CostCenter"": ""IT-Operations""}"
arn:aws:iam::123456789012:user/christopher-lopez,christopher-lopez,AIDABKHXCYQDDGBDH24YH,123456789012,/,christopher.lopez@corp.nexusai.com,2022-04-05,2026-06-20 00:00:00,2026-06-20 00:00:00,human,True,False,"{""Department"": ""HR"", ""Email"": ""christopher.lopez@corp.nexusai.com"", ""CostCenter"": ""HR""}"
arn:aws:iam::123456789012:user/brooke-leonard,brooke-leonard,AIDAQ6JNAT2GRI2GHSHG7,123456789012,/,brooke.leonard@corp.nexusai.com,2025-03-23,2026-06-18 00:00:00,2026-06-18 00:00:00,human,True,False,"{""Department"": ""Executive"", ""Email"": ""brooke.leonard@corp.nexusai.com"", ""CostCenter"": ""Executive""}"
arn:aws:iam::123456789012:user/j.wilson,j.wilson,AIDAPAAFH7JFEGQO5SQ5D,123456789012,/,joe.wilson@corp.nexusai.com,2021-01-02,2025-12-05 00:00:00,2025-12-05 00:00:00,human,True,False,"{""Department"": ""Legal"", ""Email"": ""joe.wilson@corp.nexusai.com"", ""CostCenter"": ""Legal""}"
arn:aws:iam::123456789012:user/brooke-harvey,brooke-harvey,AIDA4RFXVLHZZ5RY62KHI,123456789012,/,brooke.harvey@corp.nexusai.com,2021-04-15,2026-06-19 00:00:00,2026-06-19 00:00:00,human,True,False,"{""Department"": ""Executive"", ""Email"": ""brooke.harvey@corp.nexusai.com"", ""CostCenter"": ""Executive""}"
arn:aws:iam::123456789012:user/emily-evans,emily-evans,AIDAOAVWSXGCK7I2GQMMH,123456789012,/it/,emily.evans@corp.nexusai.com,2023-07-19,2026-06-13 00:00:00,2026-06-13 00:00:00,human,True,True,"{""Department"": ""IT-Operations"", ""Email"": ""emily.evans@corp.nexusai.com"", ""CostCenter"": ""IT-Operations""}"
arn:aws:iam::123456789012:user/charlese,charlese,AIDAMNSWILUHW62S3AGBY,123456789012,/,charles.ellis@corp.nexusai.com,2023-05-22,2026-06-08 00:00:00,2026-06-08 00:00:00,human,True,False,"{""Department"": ""Marketing"", ""Email"": ""charles.ellis@corp.nexusai.com"", ""CostCenter"": ""Marketing""}"
arn:aws:iam::123456789012:user/charles-lewis,charles-lewis,AIDA4GOYPSDYY2UDAQM4O,123456789012,/,charles.lewis@corp.nexusai.com,2023-07-29,2026-06-20 00:00:00,2026-06-20 00:00:00,human,True,False,"{""Department"": ""Sales"", ""Email"": ""charles.lewis@corp.nexusai.com"", ""CostCenter"": ""Sales""}"
arn:aws:iam::123456789012:user/cheryl-archer,cheryl-archer,AIDA47CSMUFGKAENN3GN3,123456789012,/,cheryl.archer@corp.nexusai.com,2025-02-08,2025-09-07 00:00:00,2025-09-07 00:00:00,human,True,False,"{""Department"": ""Operations"", ""Email"": ""cheryl.archer@corp.nexusai.com"", ""CostCenter"": ""Operations""}"
arn:aws:iam::123456789012:user/destiny-smith,destiny-smith,AIDAGSTFS4YZB6KOIZSJT,123456789012,/finance/,destiny.smith@corp.nexusai.com,2024-06-16,2026-06-14 00:00:00,2026-06-14 00:00:00,human,True,False,"{""Department"": ""Finance"", ""Email"": ""destiny.smith@corp.nexusai.com"", ""CostCenter"": ""Finance""}"
arn:aws:iam::123456789012:user/elizabeth-mcmillan,elizabeth-mcmillan,AIDAN2JKLOQMHLD5ESEQG,123456789012,/,elizabeth.mcmillan@corp.nexusai.com,2024-12-29,2026-06-10 00:00:00,2026-06-10 00:00:00,human,True,False,"{""Department"": ""Executive"", ""Email"": ""elizabeth.mcmillan@corp.nexusai.com"", ""CostCenter"": ""Executive""}"
arn:aws:iam::123456789012:user/dennisw,dennisw,AIDAM7VWIPGSEMU74VTJX,123456789012,/,,2022-11-09,2026-06-14 00:00:00,2026-06-14 00:00:00,human,True,False,"{""Department"": ""Sales"", ""Email"": ""dennis.wilson@corp.nexusai.com"", ""CostCenter"": ""Sales""}"
arn:aws:iam::123456789012:user/daniel-tran,daniel-tran,AIDAU3KAUPO3RXIV654WT,123456789012,/,daniel.tran@corp.nexusai.com,2020-09-05,2026-06-13 00:00:00,2026-06-13 00:00:00,human,True,False,"{""Department"": ""Sales"", ""Email"": ""daniel.tran@corp.nexusai.com"", ""CostCenter"": ""Sales""}"
arn:aws:iam::123456789012:user/r.hill,r.hill,AIDA66NK2BPCIKICJDKQL,123456789012,/security/,rodney.hill@corp.nexusai.com,2021-08-26,2026-06-17 00:00:00,2026-06-17 00:00:00,human,True,True,"{""Department"": ""Security"", ""Email"": ""rodney.hill@corp.nexusai.com"", ""CostCenter"": ""Security""}"
arn:aws:iam::123456789012:user/joyce-arnold,joyce-arnold,AIDAJGL6CHF6IA32XC3O6,123456789012,/finance/,joyce.arnold@corp.nexusai.com,2023-01-12,2026-06-18 00:00:00,2026-06-18 00:00:00,human,True,False,"{""Department"": ""Finance"", ""Email"": ""joyce.arnold@corp.nexusai.com"", ""CostCenter"": ""Finance""}"
arn:aws:iam::123456789012:user/r.gardner,r.gardner,AIDADKYAFJ63FEQOXFCYZ,123456789012,/it/,rebecca.gardner@corp.nexusai.com,2024-02-13,2026-06-19 00:00:00,2026-06-19 00:00:00,human,True,True,"{""Department"": ""IT-Operations"", ""Email"": ""rebecca.gardner@corp.nexusai.com"", ""CostCenter"": ""IT-Operations""}"
arn:aws:iam::123456789012:user/k.nolan,k.nolan,AIDA2GESVHQQ4Y6PV55B6,123456789012,/,kyle.nolan@corp.nexusai.com,2024-10-30,2026-06-14 00:00:00,2026-06-14 00:00:00,human,True,False,"{""Department"": ""Marketing"", ""Email"": ""kyle.nolan@corp.nexusai.com"", ""CostCenter"": ""Marketing""}"
arn:aws:iam::123456789012:user/laura-valencia,laura-valencia,AIDAFZVEL6UWNRLM7MPPQ,123456789012,/finance/,laura.valencia@corp.nexusai.com,2020-10-16,2026-06-07 00:00:00,2026-06-07 00:00:00,human,True,False,"{""Department"": ""Finance"", ""Email"": ""laura.valencia@corp.nexusai.com"", ""CostCenter"": ""Finance""}"
arn:aws:iam::123456789012:user/john-garcia,john-garcia,AIDAUXQLQPR6VXL73N2XX,123456789012,/security/,john.garcia@corp.nexusai.com,2021-11-19,2026-06-13 00:00:00,2026-06-13 00:00:00,human,True,True,"{""Department"": ""Security"", ""Email"": ""john.garcia@corp.nexusai.com"", ""CostCenter"": ""Security""}"
arn:aws:iam::123456789012:user/e.spears,e.spears,AIDAWB2HWMLSWU74FYS5J,123456789012,/,eric.spears@corp.nexusai.com,2022-10-01,2026-06-15 00:00:00,2026-06-15 00:00:00,human,True,False,"{""Department"": ""Operations"", ""Email"": ""eric.spears@corp.nexusai.com"", ""CostCenter"": ""Operations""}"
arn:aws:iam::123456789012:user/l.keith,l.keith,AIDAGGE6DBZFGQJFYTOPS,123456789012,/,,2023-11-23,2026-06-18 00:00:00,2026-06-18 00:00:00,human,True,False,"{""Department"": ""HR"", ""Email"": ""lisa.keith@corp.nexusai.com"", ""CostCenter"": ""HR""}"
arn:aws:iam::123456789012:user/angeld,angeld,AIDAX2QJTAAIWS6A76TA3,123456789012,/engineering/,,2020-11-17,2026-06-15 00:00:00,2026-06-15 00:00:00,human,True,True,"{""Department"": ""Engineering"", ""Email"": ""angel.doyle@corp.nexusai.com"", ""CostCenter"": ""Engineering""}"
arn:aws:iam::123456789012:user/m.galvan,m.galvan,AIDASOAXM23ZPKYYOQF3P,123456789012,/,martin.galvan@corp.nexusai.com,2023-07-08,2026-06-20 00:00:00,2026-06-20 00:00:00,human,True,False,"{""Department"": ""Sales"", ""Email"": ""martin.galvan@corp.nexusai.com"", ""CostCenter"": ""Sales""}"
arn:aws:iam::123456789012:user/l.shields,l.shields,AIDAOFJA7NV2T7X5CVFJD,123456789012,/engineering/,,2024-01-19,2026-06-15 00:00:00,2026-06-15 00:00:00,human,True,True,"{""Department"": ""Engineering"", ""Email"": ""leah.shields@corp.nexusai.com"", ""CostCenter"": ""Engineering""}"
arn:aws:iam::123456789012:user/lisaa,lisaa,AIDACM5GN6YTUKCHQ6TMX,123456789012,/it/,lisa.adams@corp.nexusai.com,2022-02-22,2026-06-14 00:00:00,2026-06-14 00:00:00,human,True,True,"{""Department"": ""IT-Operations"", ""Email"": ""lisa.adams@corp.nexusai.com"", ""CostCenter"": ""IT-Operations""}"
arn:aws:iam::123456789012:user/k.rodriguez,k.rodriguez,AIDAJXFPK7FVDDWJGI7OU,123456789012,/engineering/,kristin.rodriguez@corp.nexusai.com,2022-03-22,2025-10-06 00:00:00,2025-10-06 00:00:00,human,True,True,"{""Department"": ""Engineering"", ""Email"": ""kristin.rodriguez@corp.nexusai.com"", ""CostCenter"": ""Engineering""}"
arn:aws:iam::123456789012:user/j.velasquez,j.velasquez,AIDAQX5AYLBXPUEYM7JSU,123456789012,/,jeffrey.velasquez@corp.nexusai.com,2024-10-02,2026-06-13 00:00:00,2026-06-13 00:00:00,human,True,False,"{""Department"": ""HR"", ""Email"": ""jeffrey.velasquez@corp.nexusai.com"", ""CostCenter"": ""HR""}"
arn:aws:iam::123456789012:user/steven-torres,steven-torres,AIDACY7QDXOEAN7F5DX2X,123456789012,/,steven.torres@corp.nexusai.com,2025-05-25,2026-06-19 00:00:00,2026-06-19 00:00:00,human,True,False,"{""Department"": ""Sales"", ""Email"": ""steven.torres@corp.nexusai.com"", ""CostCenter"": ""Sales""}"
arn:aws:iam::123456789012:user/m.lin,m.lin,AIDATATONUBRJGC5WJIQX,123456789012,/,,2024-04-11,2026-06-12 00:00:00,2026-06-12 00:00:00,human,True,False,"{""Department"": ""Executive"", ""Email"": ""mark.lin@corp.nexusai.com"", ""CostCenter"": ""Executive""}"
arn:aws:iam::123456789012:user/t.ramirez,t.ramirez,AIDAYFDVW32HOAYDTCUJU,123456789012,/it/,,2022-02-15,2026-06-09 00:00:00,2026-06-09 00:00:00,human,True,True,"{""Department"": ""IT-Operations"", ""Email"": ""tammy.ramirez@corp.nexusai.com"", ""CostCenter"": ""IT-Operations""}"
arn:aws:iam::123456789012:user/taraw,taraw,AIDAXJFHDPJSAVHT46BVN,123456789012,/,tara.white@corp.nexusai.com,2022-09-24,2026-06-08 00:00:00,2026-06-08 00:00:00,human,True,False,"{""Department"": ""Operations"", ""Email"": ""tara.white@corp.nexusai.com"", ""CostCenter"": ""Operations""}"
arn:aws:iam::123456789012:user/d.hamilton,d.hamilton,AIDAOYGU7FLM5BCPTV7ZK,123456789012,/,daniel.hamilton@corp.nexusai.com,2025-05-23,2025-05-24 00:00:00,2025-05-24 00:00:00,human,True,False,"{""Department"": ""Sales"", ""Email"": ""daniel.hamilton@corp.nexusai.com"", ""CostCenter"": ""Sales""}"
arn:aws:iam::123456789012:user/jessicae,jessicae,AIDAJVZIFYO2PJ3TV4INI,123456789012,/engineering/,,2020-07-28,2026-06-14 00:00:00,2026-06-14 00:00:00,human,True,True,"{""Department"": ""Engineering"", ""Email"": ""jessica.edwards@corp.nexusai.com"", ""CostCenter"": ""Engineering""}"
arn:aws:iam::123456789012:user/jonathanf,jonathanf,AIDA6IKMOC2AR2OMNEL47,123456789012,/,,2023-08-13,2026-06-13 00:00:00,2026-06-13 00:00:00,human,True,False,"{""Department"": ""Sales"", ""Email"": ""jonathan.fletcher@corp.nexusai.com"", ""CostCenter"": ""Sales""}"
arn:aws:iam::123456789012:user/amanda-ball,amanda-ball,AIDATS5K3SDJ54FHLIZ2U,123456789012,/,amanda.ball@corp.nexusai.com,2024-03-13,2026-06-12 00:00:00,2026-06-12 00:00:00,human,True,False,"{""Department"": ""Marketing"", ""Email"": ""amanda.ball@corp.nexusai.com"", ""CostCenter"": ""Marketing""}"
arn:aws:iam::123456789012:user/judyl,judyl,AIDAFYKYYCKVJKJLD2TT4,123456789012,/it/,judy.lambert@corp.nexusai.com,2024-09-29,2026-06-08 00:00:00,2026-06-08 00:00:00,human,True,True,"{""Department"": ""IT-Operations"", ""Email"": ""judy.lambert@corp.nexusai.com"", ""CostCenter"": ""IT-Operations""}"
arn:aws:iam::123456789012:user/michaelj,michaelj,AIDAN6524FAPRNDLJDWCJ,123456789012,/,michael.jones@corp.nexusai.com,2023-05-19,2026-06-18 00:00:00,2026-06-18 00:00:00,human,True,False,"{""Department"": ""Executive"", ""Email"": ""michael.jones@corp.nexusai.com"", ""CostCenter"": ""Executive""}"
arn:aws:iam::123456789012:user/e.rivera,e.rivera,AIDA2NNDGF6S3UQWI777L,123456789012,/,elizabeth.rivera@corp.nexusai.com,2022-03-24,2026-06-10 00:00:00,2026-06-10 00:00:00,human,True,False,"{""Department"": ""Operations"", ""Email"": ""elizabeth.rivera@corp.nexusai.com"", ""CostCenter"": ""Operations""}"
arn:aws:iam::123456789012:user/lee-charles,lee-charles,AIDAOSMAHB5HN22CVWNAM,123456789012,/,lee.charles@corp.nexusai.com,2023-03-01,2025-10-15 00:00:00,2025-10-15 00:00:00,human,True,False,"{""Department"": ""Executive"", ""Email"": ""lee.charles@corp.nexusai.com"", ""CostCenter"": ""Executive""}"
arn:aws:iam::123456789012:user/k.ortiz,k.ortiz,AIDAKYLHTUCR2F7PX4TNT,123456789012,/finance/,kyle.ortiz@corp.nexusai.com,2020-09-25,2026-06-15 00:00:00,2026-06-15 00:00:00,human,True,False,"{""Department"": ""Finance"", ""Email"": ""kyle.ortiz@corp.nexusai.com"", ""CostCenter"": ""Finance""}"
arn:aws:iam::123456789012:user/richardp,richardp,AIDACFV5CGTBTNUMMSRU4,123456789012,/engineering/,,2023-05-02,2026-06-20 00:00:00,2026-06-20 00:00:00,human,True,True,"{""Department"": ""Engineering"", ""Email"": ""richard.phillips@corp.nexusai.com"", ""CostCenter"": ""Engineering""}"
arn:aws:iam::123456789012:user/davidf,davidf,AIDARJSPKETV4DIB6DGYD,123456789012,/security/,david.fisher@corp.nexusai.com,2020-08-13,2025-06-29 00:00:00,2025-06-29 00:00:00,human,True,True,"{""Department"": ""Security"", ""Email"": ""david.fisher@corp.nexusai.com"", ""CostCenter"": ""Security""}"
arn:aws:iam::123456789012:user/shelby-byrd,shelby-byrd,AIDAG5T56OOJQXZLVU57B,123456789012,/finance/,,2024-05-19,2025-07-30 00:00:00,2025-07-30 00:00:00,human,True,False,"{""Department"": ""Finance"", ""Email"": ""shelby.byrd@corp.nexusai.com"", ""CostCenter"": ""Finance""}"
arn:aws:iam::123456789012:user/r.gilbert,r.gilbert,AIDAET5Z2PPK6YEVN33VP,123456789012,/,,2020-11-14,2025-01-06 00:00:00,2025-01-06 00:00:00,human,True,False,"{""Department"": ""Operations"", ""Email"": ""raven.gilbert@corp.nexusai.com"", ""CostCenter"": ""Operations""}"
arn:aws:iam::123456789012:user/aaron-mitchell,aaron-mitchell,AIDANL6IMYX2JSIIAEBJ7,123456789012,/,,2023-09-19,2026-06-07 00:00:00,2026-06-07 00:00:00,human,True,False,"{""Department"": ""HR"", ""Email"": ""aaron.mitchell@corp.nexusai.com"", ""CostCenter"": ""HR""}"
arn:aws:iam::123456789012:user/russell-carpenter,russell-carpenter,AIDAH6FJR5FFP6ETDVA65,123456789012,/,russell.carpenter@corp.nexusai.com,2022-03-26,2026-06-15 00:00:00,2026-06-15 00:00:00,human,True,False,"{""Department"": ""Operations"", ""Email"": ""russell.carpenter@corp.nexusai.com"", ""CostCenter"": ""Operations""}"
arn:aws:iam::123456789012:user/scott-lewis,scott-lewis,AIDAJ72YP4KNWDQHDK5Z6,123456789012,/,scott.lewis@corp.nexusai.com,2023-04-25,2026-06-15 00:00:00,2026-06-15 00:00:00,human,True,False,"{""Department"": ""Legal"", ""Email"": ""scott.lewis@corp.nexusai.com"", ""CostCenter"": ""Legal""}"
arn:aws:iam::123456789012:user/christopher-robertson,christopher-robertson,AIDAYLHLQS5E5R3UQKERD,123456789012,/,christopher.robertson@corp.nexusai.com,2021-10-21,2026-06-08 00:00:00,2026-06-08 00:00:00,human,True,False,"{""Department"": ""Executive"", ""Email"": ""christopher.robertson@corp.nexusai.com"", ""CostCenter"": ""Executive""}"
arn:aws:iam::123456789012:user/cynthia-rogers,cynthia-rogers,AIDAYYVDQQL4E7MZL7GJ3,123456789012,/,cynthia.rogers@corp.nexusai.com,2023-11-25,2026-06-14 00:00:00,2026-06-14 00:00:00,human,True,False,"{""Department"": ""HR"", ""Email"": ""cynthia.rogers@corp.nexusai.com"", ""CostCenter"": ""HR""}"
arn:aws:iam::123456789012:user/lorettap,lorettap,AIDAYRJVZA763ZEOAY6HW,123456789012,/it/,loretta.potter@corp.nexusai.com,2025-04-05,2026-06-18 00:00:00,2026-06-18 00:00:00,human,True,True,"{""Department"": ""IT-Operations"", ""Email"": ""loretta.potter@corp.nexusai.com"", ""CostCenter"": ""IT-Operations""}"
arn:aws:iam::123456789012:user/emily-walker,emily-walker,AIDAYMTYGW7F4MICMBP7Y,123456789012,/engineering/,emily.walker@corp.nexusai.com,2021-04-06,2026-06-10 00:00:00,2026-06-10 00:00:00,human,True,True,"{""Department"": ""Engineering"", ""Email"": ""emily.walker@corp.nexusai.com"", ""CostCenter"": ""Engineering""}"
arn:aws:iam::123456789012:user/melissa-jones,melissa-jones,AIDAKXK4PCIGYKB7FAALF,123456789012,/,melissa.jones@corp.nexusai.com,2023-04-16,2026-06-17 00:00:00,2026-06-17 00:00:00,human,True,False,"{""Department"": ""Sales"", ""Email"": ""melissa.jones@corp.nexusai.com"", ""CostCenter"": ""Sales""}"
arn:aws:iam::123456789012:user/r.soto,r.soto,AIDAFTW2APMHGXO5NRDMH,123456789012,/,,2023-08-11,2025-04-14 00:00:00,2025-04-14 00:00:00,human,True,False,"{""Department"": ""Sales"", ""Email"": ""robert.soto@corp.nexusai.com"", ""CostCenter"": ""Sales""}"
arn:aws:iam::123456789012:user/troy-sanchez,troy-sanchez,AIDACDRIH552KVOSKKOF2,123456789012,/,,2020-09-05,2026-06-10 00:00:00,2026-06-10 00:00:00,human,True,False,"{""Department"": ""Operations"", ""Email"": ""troy.sanchez@corp.nexusai.com"", ""CostCenter"": ""Operations""}"
arn:aws:iam::123456789012:user/d.smith,d.smith,AIDA2CC6C3Z6G47PFA2NI,123456789012,/,,2023-05-08,2026-06-12 00:00:00,2026-06-12 00:00:00,human,True,False,"{""Department"": ""Executive"", ""Email"": ""diana.smith@corp.nexusai.com"", ""CostCenter"": ""Executive""}"
arn:aws:iam::123456789012:user/k.carrillo,k.carrillo,AIDADXDHYX5CXXLENIVPH,123456789012,/,karen.carrillo@corp.nexusai.com,2021-12-11,2025-10-07 00:00:00,2025-10-07 00:00:00,human,True,False,"{""Department"": ""Sales"", ""Email"": ""karen.carrillo@corp.nexusai.com"", ""CostCenter"": ""Sales""}"
arn:aws:iam::123456789012:user/danielc,danielc,AIDAH6S4XEM5FFZLSEGKR,123456789012,/,daniel.coleman@corp.nexusai.com,2023-10-21,2026-06-09 00:00:00,2026-06-09 00:00:00,human,True,False,"{""Department"": ""Legal"", ""Email"": ""daniel.coleman@corp.nexusai.com"", ""CostCenter"": ""Legal""}"
arn:aws:iam::123456789012:user/s.solis,s.solis,AIDAKKSLLJKPHCUI4QXLN,123456789012,/it/,stephen.solis@corp.nexusai.com,2022-03-21,2026-06-08 00:00:00,2026-06-08 00:00:00,human,True,True,"{""Department"": ""IT-Operations"", ""Email"": ""stephen.solis@corp.nexusai.com"", ""CostCenter"": ""IT-Operations""}"
arn:aws:iam::123456789012:user/jennifer-wagner,jennifer-wagner,AIDAORMBF4FZM7UDXZJ3X,123456789012,/finance/,,2020-10-08,2025-06-22 00:00:00,2025-06-22 00:00:00,human,True,False,"{""Department"": ""Finance"", ""Email"": ""jennifer.wagner@corp.nexusai.com"", ""CostCenter"": ""Finance""}"
arn:aws:iam::123456789012:user/m.kelley,m.kelley,AIDAK32IFJNT6VEYFA2R2,123456789012,/security/,,2024-01-04,2026-06-10 00:00:00,2026-06-10 00:00:00,human,True,True,"{""Department"": ""Security"", ""Email"": ""maria.kelley@corp.nexusai.com"", ""CostCenter"": ""Security""}"
arn:aws:iam::123456789012:user/p.manning,p.manning,AIDAHR7EX63Q6HXBQKDJU,123456789012,/,phyllis.manning@corp.nexusai.com,2021-11-09,2026-06-11 00:00:00,2026-06-11 00:00:00,human,True,False,"{""Department"": ""Marketing"", ""Email"": ""phyllis.manning@corp.nexusai.com"", ""CostCenter"": ""Marketing""}"
arn:aws:iam::123456789012:user/rickd,rickd,AIDA6XLA7GZ4FHJZZGKEX,123456789012,/finance/,rick.daniels@corp.nexusai.com,2020-06-25,2026-06-09 00:00:00,2026-06-09 00:00:00,human,True,False,"{""Department"": ""Finance"", ""Email"": ""rick.daniels@corp.nexusai.com"", ""CostCenter"": ""Finance""}"
arn:aws:iam::123456789012:user/robertc,robertc,AIDA7BLYUJTGE75MS77QV,123456789012,/security/,,2024-08-01,2026-06-12 00:00:00,2026-06-12 00:00:00,human,True,True,"{""Department"": ""Security"", ""Email"": ""robert.clark@corp.nexusai.com"", ""CostCenter"": ""Security""}"
arn:aws:iam::123456789012:user/r.stein,r.stein,AIDATK73ITY7H766KDZQ7,123456789012,/,robert.stein@corp.nexusai.com,2024-03-05,2026-06-12 00:00:00,2026-06-12 00:00:00,human,True,False,"{""Department"": ""Legal"", ""Email"": ""robert.stein@corp.nexusai.com"", ""CostCenter"": ""Legal""}"
arn:aws:iam::123456789012:user/michael-molina,michael-molina,AIDAMX5JPJT32UEN2RSKQ,123456789012,/security/,,2021-06-16,2026-06-18 00:00:00,2026-06-18 00:00:00,human,True,True,"{""Department"": ""Security"", ""Email"": ""michael.molina@corp.nexusai.com"", ""CostCenter"": ""Security""}"
arn:aws:iam::123456789012:user/roberta,roberta,AIDAMKRIBQRLC7BDFUTE2,123456789012,/,robert.adkins@corp.nexusai.com,2024-01-18,2025-06-23 00:00:00,2025-06-23 00:00:00,human,True,False,"{""Department"": ""Executive"", ""Email"": ""robert.adkins@corp.nexusai.com"", ""CostCenter"": ""Executive""}"
arn:aws:iam::123456789012:user/j.robinson,j.robinson,AIDA7XHU36PRJX6XTBCDP,123456789012,/finance/,jeffrey.robinson@corp.nexusai.com,2021-06-05,2026-06-15 00:00:00,2026-06-15 00:00:00,human,True,False,"{""Department"": ""Finance"", ""Email"": ""jeffrey.robinson@corp.nexusai.com"", ""CostCenter"": ""Finance""}"
arn:aws:iam::123456789012:user/ryanj,ryanj,AIDAPTNK4U2CRF762V3GK,123456789012,/security/,,2022-03-15,2026-06-12 00:00:00,2026-06-12 00:00:00,human,True,True,"{""Department"": ""Security"", ""Email"": ""ryan.johnson@corp.nexusai.com"", ""CostCenter"": ""Security""}"
arn:aws:iam::123456789012:user/richard-martin,richard-martin,AIDAMTUFHKPI2U46IQLUS,123456789012,/it/,richard.martin@corp.nexusai.com,2021-09-21,2026-06-17 00:00:00,2026-06-17 00:00:00,human,True,True,"{""Department"": ""IT-Operations"", ""Email"": ""richard.martin@corp.nexusai.com"", ""CostCenter"": ""IT-Operations""}"
arn:aws:iam::123456789012:user/t.anderson,t.anderson,AIDAMF2XLZYOBBOF5MQKD,123456789012,/,,2023-12-25,2026-06-10 00:00:00,2026-06-10 00:00:00,human,True,False,"{""Department"": ""Legal"", ""Email"": ""tanner.anderson@corp.nexusai.com"", ""CostCenter"": ""Legal""}"
arn:aws:iam::123456789012:user/phillipe,phillipe,AIDAJBSQP4PX5FA6IUZNY,123456789012,/,,2023-11-05,2025-06-25 00:00:00,2025-06-25 00:00:00,human,True,False,"{""Department"": ""Executive"", ""Email"": ""phillip.elliott@corp.nexusai.com"", ""CostCenter"": ""Executive""}"
arn:aws:iam::123456789012:user/andrewh,andrewh,AIDAF2TU54QVLNLFQG3BA,123456789012,/,andrew.hernandez@corp.nexusai.com,2021-03-16,2026-06-07 00:00:00,2026-06-07 00:00:00,human,True,False,"{""Department"": ""Operations"", ""Email"": ""andrew.hernandez@corp.nexusai.com"", ""CostCenter"": ""Operations""}"
arn:aws:iam::123456789012:user/g.lawson,g.lawson,AIDAISY2X6KNSF6ILMK7G,123456789012,/,gary.lawson@corp.nexusai.com,2021-06-08,2026-06-12 00:00:00,2026-06-12 00:00:00,human,True,False,"{""Department"": ""Marketing"", ""Email"": ""gary.lawson@corp.nexusai.com"", ""CostCenter"": ""Marketing""}"
arn:aws:iam::123456789012:user/h.burton,h.burton,AIDAZTUWARJZ4N4WZMTFC,123456789012,/engineering/,hannah.burton@corp.nexusai.com,2020-08-28,2026-06-08 00:00:00,2026-06-08 00:00:00,human,True,True,"{""Department"": ""Engineering"", ""Email"": ""hannah.burton@corp.nexusai.com"", ""CostCenter"": ""Engineering""}"
arn:aws:iam::123456789012:user/kimberlyr,kimberlyr,AIDAPGUMX5GJ32FFD3I6N,123456789012,/,,2021-01-07,2026-06-11 00:00:00,2026-06-11 00:00:00,human,True,False,"{""Department"": ""HR"", ""Email"": ""kimberly.reed@corp.nexusai.com"", ""CostCenter"": ""HR""}"
arn:aws:iam::123456789012:user/m.short,m.short,AIDAWEC26T4VY6II544JU,123456789012,/it/,melissa.short@corp.nexusai.com,2023-11-10,2026-06-16 00:00:00,2026-06-16 00:00:00,human,True,True,"{""Department"": ""IT-Operations"", ""Email"": ""melissa.short@corp.nexusai.com"", ""CostCenter"": ""IT-Operations""}"
arn:aws:iam::123456789012:user/daniel-yu,daniel-yu,AIDAHFMDM6BHLBRNP4FUZ,123456789012,/finance/,daniel.yu@corp.nexusai.com,2025-06-18,2026-06-20 00:00:00,2026-06-20 00:00:00,human,True,False,"{""Department"": ""Finance"", ""Email"": ""daniel.yu@corp.nexusai.com"", ""CostCenter"": ""Finance""}"
arn:aws:iam::123456789012:user/amandaw,amandaw,AIDAXKP34CA5SKAD6RQYW,123456789012,/,,2022-08-30,2026-06-18 00:00:00,2026-06-18 00:00:00,human,True,False,"{""Department"": ""Marketing"", ""Email"": ""amanda.webb@corp.nexusai.com"", ""CostCenter"": ""Marketing""}"
arn:aws:iam::123456789012:user/mariah-miller,mariah-miller,AIDAHWYWYLAH5XM4AOBRW,123456789012,/engineering/,mariah.miller@corp.nexusai.com,2021-10-10,2026-06-10 00:00:00,2026-06-10 00:00:00,human,True,True,"{""Department"": ""Engineering"", ""Email"": ""mariah.miller@corp.nexusai.com"", ""CostCenter"": ""Engineering""}"
arn:aws:iam::123456789012:user/jason-salinas,jason-salinas,AIDAVFBO3EPMKVTEGB63B,123456789012,/it/,,2024-06-08,2026-06-15 00:00:00,2026-06-15 00:00:00,human,True,True,"{""Department"": ""IT-Operations"", ""Email"": ""jason.salinas@corp.nexusai.com"", ""CostCenter"": ""IT-Operations""}"
arn:aws:iam::123456789012:user/m.beard,m.beard,AIDAVQPG6PVDVPE4G4HFD,123456789012,/,,2024-04-26,2026-06-19 00:00:00,2026-06-19 00:00:00,human,True,False,"{""Department"": ""Legal"", ""Email"": ""matthew.beard@corp.nexusai.com"", ""CostCenter"": ""Legal""}"
arn:aws:iam::123456789012:user/jacquelineh,jacquelineh,AIDASYZG2OA5Y53GVB5VM,123456789012,/finance/,jacqueline.hill@corp.nexusai.com,2024-11-28,2026-06-09 00:00:00,2026-06-09 00:00:00,human,True,False,"{""Department"": ""Finance"", ""Email"": ""jacqueline.hill@corp.nexusai.com"", ""CostCenter"": ""Finance""}"
arn:aws:iam::123456789012:user/christopher-cortez,christopher-cortez,AIDAXAJDPD3WMMMEVM65V,123456789012,/,christopher.cortez@corp.nexusai.com,2023-10-22,2026-06-07 00:00:00,2026-06-07 00:00:00,human,True,False,"{""Department"": ""HR"", ""Email"": ""christopher.cortez@corp.nexusai.com"", ""CostCenter"": ""HR""}"
arn:aws:iam::123456789012:user/h.brewer,h.brewer,AIDAPLMBLQGBIYHVNT5PX,123456789012,/,hannah.brewer@corp.nexusai.com,2023-11-10,2026-06-13 00:00:00,2026-06-13 00:00:00,human,True,False,"{""Department"": ""Operations"", ""Email"": ""hannah.brewer@corp.nexusai.com"", ""CostCenter"": ""Operations""}"
arn:aws:iam::123456789012:user/a.coleman,a.coleman,AIDAQEWFSFROGHEXCMVMV,123456789012,/engineering/,alyssa.coleman@corp.nexusai.com,2025-05-14,2026-06-17 00:00:00,2026-06-17 00:00:00,human,True,True,"{""Department"": ""Engineering"", ""Email"": ""alyssa.coleman@corp.nexusai.com"", ""CostCenter"": ""Engineering""}"
arn:aws:iam::123456789012:user/toddh,toddh,AIDAYNINT36KTM5RMAJ4E,123456789012,/,todd.hardy@corp.nexusai.com,2020-11-17,2026-06-11 00:00:00,2026-06-11 00:00:00,human,True,False,"{""Department"": ""HR"", ""Email"": ""todd.hardy@corp.nexusai.com"", ""CostCenter"": ""HR""}"
arn:aws:iam::123456789012:user/t.warren,t.warren,AIDA2PL35YLGZCPKRSEN7,123456789012,/,tiffany.warren@corp.nexusai.com,2020-12-04,2026-06-15 00:00:00,2026-06-15 00:00:00,human,True,False,"{""Department"": ""Marketing"", ""Email"": ""tiffany.warren@corp.nexusai.com"", ""CostCenter"": ""Marketing""}"
arn:aws:iam::123456789012:user/justin-garcia,justin-garcia,AIDA5BE5YVZMZCAQHIU57,123456789012,/engineering/,justin.garcia@corp.nexusai.com,2021-05-28,2026-06-08 00:00:00,2026-06-08 00:00:00,human,True,True,"{""Department"": ""Engineering"", ""Email"": ""justin.garcia@corp.nexusai.com"", ""CostCenter"": ""Engineering""}"
arn:aws:iam::123456789012:user/harrys,harrys,AIDAMFB2BAVMEOGKKC2GU,123456789012,/,harry.smith@corp.nexusai.com,2023-05-27,2026-06-12 00:00:00,2026-06-12 00:00:00,human,True,False,"{""Department"": ""HR"", ""Email"": ""harry.smith@corp.nexusai.com"", ""CostCenter"": ""HR""}"
arn:aws:iam::123456789012:user/terri-tran,terri-tran,AIDA7GKQGUYIVLU6EVB4Y,123456789012,/,terri.tran@corp.nexusai.com,2025-05-17,2026-06-14 00:00:00,2026-06-14 00:00:00,human,True,False,"{""Department"": ""Sales"", ""Email"": ""terri.tran@corp.nexusai.com"", ""CostCenter"": ""Sales""}"
arn:aws:iam::123456789012:user/m.henry,m.henry,AIDA2SBOVVPNDPOYUL4AE,123456789012,/,miranda.henry@corp.nexusai.com,2023-11-20,2026-06-16 00:00:00,2026-06-16 00:00:00,human,True,False,"{""Department"": ""Legal"", ""Email"": ""miranda.henry@corp.nexusai.com"", ""CostCenter"": ""Legal""}"
arn:aws:iam::123456789012:user/j.williams,j.williams,AIDAVI6MJMAAX7Z2ZXY7T,123456789012,/finance/,jack.williams@corp.nexusai.com,2024-11-11,2026-06-10 00:00:00,2026-06-10 00:00:00,human,True,False,"{""Department"": ""Finance"", ""Email"": ""jack.williams@corp.nexusai.com"", ""CostCenter"": ""Finance""}"
arn:aws:iam::123456789012:user/b.hernandez,b.hernandez,AIDAH4NLMDLMQ24GKFSFY,123456789012,/,brian.hernandez@corp.nexusai.com,2024-07-23,2026-06-19 00:00:00,2026-06-19 00:00:00,human,True,False,"{""Department"": ""Operations"", ""Email"": ""brian.hernandez@corp.nexusai.com"", ""CostCenter"": ""Operations""}"
arn:aws:iam::123456789012:user/k.perez,k.perez,AIDA7ZFW36GYSMJCI7FT5,123456789012,/,krystal.perez@corp.nexusai.com,2021-04-11,2026-06-07 00:00:00,2026-06-07 00:00:00,human,True,False,"{""Department"": ""HR"", ""Email"": ""krystal.perez@corp.nexusai.com"", ""CostCenter"": ""HR""}"
arn:aws:iam::123456789012:user/scott-dalton,scott-dalton,AIDAY3OOQHSFHFVMHXIUY,123456789012,/,scott.dalton@corp.nexusai.com,2022-10-22,2026-06-16 00:00:00,2026-06-16 00:00:00,human,True,False,"{""Department"": ""Legal"", ""Email"": ""scott.dalton@corp.nexusai.com"", ""CostCenter"": ""Legal""}"
arn:aws:iam::123456789012:user/c.lynch,c.lynch,AIDAHR6N7SYDVJNODL7ZT,123456789012,/,christine.lynch@corp.nexusai.com,2020-11-07,2026-06-07 00:00:00,2026-06-07 00:00:00,human,True,False,"{""Department"": ""Executive"", ""Email"": ""christine.lynch@corp.nexusai.com"", ""CostCenter"": ""Executive""}"
arn:aws:iam::123456789012:user/glennj,glennj,AIDA6RGLY63TIGUELZBZ7,123456789012,/security/,glenn.jones@corp.nexusai.com,2023-09-03,2025-07-21 00:00:00,2025-07-21 00:00:00,human,True,True,"{""Department"": ""Security"", ""Email"": ""glenn.jones@corp.nexusai.com"", ""CostCenter"": ""Security""}"
arn:aws:iam::123456789012:user/grace-bradshaw,grace-bradshaw,AIDAYOYGHLT7GWSRGDKUY,123456789012,/engineering/,grace.bradshaw@corp.nexusai.com,2021-10-25,2025-07-09 00:00:00,2025-07-09 00:00:00,human,True,True,"{""Department"": ""Engineering"", ""Email"": ""grace.bradshaw@corp.nexusai.com"", ""CostCenter"": ""Engineering""}"
arn:aws:iam::123456789012:user/donna-peck,donna-peck,AIDADXP25L4W5SR3OTFT2,123456789012,/,donna.peck@corp.nexusai.com,2021-02-22,2026-06-14 00:00:00,2026-06-14 00:00:00,human,True,False,"{""Department"": ""Sales"", ""Email"": ""donna.peck@corp.nexusai.com"", ""CostCenter"": ""Sales""}"
arn:aws:iam::123456789012:user/margaret-jones,margaret-jones,AIDANTC57DWA5VTWGAWLZ,123456789012,/,margaret.jones@corp.nexusai.com,2021-06-12,2026-06-11 00:00:00,2026-06-11 00:00:00,human,True,False,"{""Department"": ""Executive"", ""Email"": ""margaret.jones@corp.nexusai.com"", ""CostCenter"": ""Executive""}"
arn:aws:iam::123456789012:user/kaitlync,kaitlync,AIDAKM6RH277IUZYIHGBI,123456789012,/,kaitlyn.carroll@corp.nexusai.com,2022-08-13,2026-06-10 00:00:00,2026-06-10 00:00:00,human,True,False,"{""Department"": ""Legal"", ""Email"": ""kaitlyn.carroll@corp.nexusai.com"", ""CostCenter"": ""Legal""}"
arn:aws:iam::123456789012:user/sherri-mason,sherri-mason,AIDADY2TOOV36D3DTHRXR,123456789012,/,,2023-07-02,2026-06-18 00:00:00,2026-06-18 00:00:00,human,True,False,"{""Department"": ""Legal"", ""Email"": ""sherri.mason@corp.nexusai.com"", ""CostCenter"": ""Legal""}"
arn:aws:iam::123456789012:user/stephanie-key,stephanie-key,AIDADAWORLQBGYQN4OURN,123456789012,/engineering/,stephanie.key@corp.nexusai.com,2024-03-04,2026-01-19 00:00:00,2026-01-19 00:00:00,human,True,True,"{""Department"": ""Engineering"", ""Email"": ""stephanie.key@corp.nexusai.com"", ""CostCenter"": ""Engineering""}"
arn:aws:iam::123456789012:user/emily-adams,emily-adams,AIDAZGIAGYYBHACIPFRJA,123456789012,/engineering/,,2025-01-08,2026-06-08 00:00:00,2026-06-08 00:00:00,human,True,True,"{""Department"": ""Engineering"", ""Email"": ""emily.adams@corp.nexusai.com"", ""CostCenter"": ""Engineering""}"
arn:aws:iam::123456789012:user/t.pearson,t.pearson,AIDAOBO3YJWSOYH7KHOGS,123456789012,/finance/,thomas.pearson@corp.nexusai.com,2024-10-16,2026-06-11 00:00:00,2026-06-11 00:00:00,human,True,False,"{""Department"": ""Finance"", ""Email"": ""thomas.pearson@corp.nexusai.com"", ""CostCenter"": ""Finance""}"
arn:aws:iam::123456789012:user/m.cook,m.cook,AIDAIHDWXIS5J2PNODIHJ,123456789012,/finance/,,2024-05-11,2026-06-16 00:00:00,2026-06-16 00:00:00,human,True,False,"{""Department"": ""Finance"", ""Email"": ""michael.cook@corp.nexusai.com"", ""CostCenter"": ""Finance""}"
arn:aws:iam::123456789012:user/k.landry,k.landry,AIDAHJDCLKAZ35QTO3KRF,123456789012,/engineering/,,2024-09-01,2026-06-17 00:00:00,2026-06-17 00:00:00,human,True,True,"{""Department"": ""Engineering"", ""Email"": ""keith.landry@corp.nexusai.com"", ""CostCenter"": ""Engineering""}"
arn:aws:iam::123456789012:user/richardr,richardr,AIDA6CDUFTAWSZMUZWIGV,123456789012,/engineering/,richard.robertson@corp.nexusai.com,2020-10-06,2026-06-14 00:00:00,2026-06-14 00:00:00,human,True,True,"{""Department"": ""Engineering"", ""Email"": ""richard.robertson@corp.nexusai.com"", ""CostCenter"": ""Engineering""}"
arn:aws:iam::123456789012:user/vanessa-sandoval,vanessa-sandoval,AIDAYPNEJ7GAJTF7G5UKS,123456789012,/finance/,vanessa.sandoval@corp.nexusai.com,2021-11-02,2026-06-12 00:00:00,2026-06-12 00:00:00,human,True,False,"{""Department"": ""Finance"", ""Email"": ""vanessa.sandoval@corp.nexusai.com"", ""CostCenter"": ""Finance""}"
arn:aws:iam::123456789012:user/davidd,davidd,AIDADF3VTKMW266K3WYAM,123456789012,/engineering/,david.dudley@corp.nexusai.com,2021-08-02,2026-06-15 00:00:00,2026-06-15 00:00:00,human,True,True,"{""Department"": ""Engineering"", ""Email"": ""david.dudley@corp.nexusai.com"", ""CostCenter"": ""Engineering""}"
arn:aws:iam::123456789012:user/c.allen,c.allen,AIDAEJUUAJ5J7UH2QA4I4,123456789012,/,chelsea.allen@corp.nexusai.com,2023-03-19,2026-06-19 00:00:00,2026-06-19 00:00:00,human,True,False,"{""Department"": ""Operations"", ""Email"": ""chelsea.allen@corp.nexusai.com"", ""CostCenter"": ""Operations""}"
arn:aws:iam::123456789012:user/marilyn-jimenez,marilyn-jimenez,AIDAO5YHM6HW52ZAXOSRQ,123456789012,/finance/,marilyn.jimenez@corp.nexusai.com,2025-04-27,2026-06-20 00:00:00,2026-06-20 00:00:00,human,True,False,"{""Department"": ""Finance"", ""Email"": ""marilyn.jimenez@corp.nexusai.com"", ""CostCenter"": ""Finance""}"
arn:aws:iam::123456789012:user/tinas,tinas,AIDAPZMZD3IYLZUK3OGIH,123456789012,/,tina.sanchez@corp.nexusai.com,2022-03-03,2026-06-09 00:00:00,2026-06-09 00:00:00,human,True,False,"{""Department"": ""Marketing"", ""Email"": ""tina.sanchez@corp.nexusai.com"", ""CostCenter"": ""Marketing""}"
arn:aws:iam::123456789012:user/s.romero,s.romero,AIDA4KLTALCHVW6AKQHMB,123456789012,/,sandra.romero@corp.nexusai.com,2021-04-11,2026-06-07 00:00:00,2026-06-07 00:00:00,human,True,False,"{""Department"": ""Sales"", ""Email"": ""sandra.romero@corp.nexusai.com"", ""CostCenter"": ""Sales""}"
arn:aws:iam::123456789012:user/william-hoover,william-hoover,AIDAZBHLU3LWPENXXJUHA,123456789012,/,william.hoover@corp.nexusai.com,2024-06-01,2026-06-12 00:00:00,2026-06-12 00:00:00,human,True,False,"{""Department"": ""Sales"", ""Email"": ""william.hoover@corp.nexusai.com"", ""CostCenter"": ""Sales""}"
arn:aws:iam::123456789012:user/svc-young-use,svc-young-use,AIDAE23UUMMD77CR2HH4K,123456789012,/service/,svc-young-use@corp.nexusai.com,2024-03-26,,2026-06-18 00:00:00,service,False,True,"{""Department"": ""Engineering""}"
arn:aws:iam::123456789012:user/svc-affect-quickly,svc-affect-quickly,AIDAA5SIZCCVBE6G2TRUW,123456789012,/service/,svc-affect-quickly@corp.nexusai.com,2023-05-08,,2026-06-20 00:00:00,service,False,True,"{""Department"": ""Sales""}"
arn:aws:iam::123456789012:user/svc-increase-fire,svc-increase-fire,AIDA57HXGBODAIGU3OKFM,123456789012,/service/,svc-increase-fire@corp.nexusai.com,2025-08-06,,2026-06-18 00:00:00,service,False,True,"{""Department"": ""Operations""}"
arn:aws:iam::123456789012:user/svc-world-rise,svc-world-rise,AIDADQCHDTEQVYRKI5HIU,123456789012,/service/,svc-world-rise@corp.nexusai.com,2024-01-03,,2026-06-19 00:00:00,service,False,True,"{""Department"": ""HR""}"
arn:aws:iam::123456789012:user/svc-public-likely,svc-public-likely,AIDAHP67RU6OFQSFWPNEE,123456789012,/service/,svc-public-likely@corp.nexusai.com,2026-02-13,,2026-06-20 00:00:00,service,False,True,"{""Department"": ""Sales""}"
arn:aws:iam::123456789012:user/svc-image-cup,svc-image-cup,AIDA7GVNUT5JGIOXY4MZM,123456789012,/service/,svc-image-cup@corp.nexusai.com,2024-07-14,,2026-06-20 00:00:00,service,False,True,"{""Department"": ""Engineering""}"
arn:aws:iam::123456789012:user/svc-raise-blue,svc-raise-blue,AIDAJ5GHPB5LRB64WQHFW,123456789012,/service/,svc-raise-blue@corp.nexusai.com,2021-09-12,,2026-06-19 00:00:00,service,False,True,"{""Department"": ""Engineering""}"
arn:aws:iam::123456789012:user/svc-argue-let,svc-argue-let,AIDARXGDY3MSMZLR73GDP,123456789012,/service/,svc-argue-let@corp.nexusai.com,2022-03-30,,2026-06-19 00:00:00,service,False,True,"{""Department"": ""Executive""}"
arn:aws:iam::123456789012:user/svc-edge-attorney,svc-edge-attorney,AIDAGROZZZGOR7NKNWSSA,123456789012,/service/,svc-edge-attorney@corp.nexusai.com,2026-05-08,,2026-06-19 00:00:00,service,False,True,"{""Department"": ""Operations""}"
arn:aws:iam::123456789012:user/svc-focus-tonight,svc-focus-tonight,AIDAPKUEKLV5JA63VBLQE,123456789012,/service/,svc-focus-tonight@corp.nexusai.com,2021-09-09,,2026-06-19 00:00:00,service,False,True,"{""Department"": ""Sales""}"
arn:aws:iam::123456789012:user/svc-past-ability,svc-past-ability,AIDA7P6HCBSOKJGGTV47W,123456789012,/service/,svc-past-ability@corp.nexusai.com,2022-11-09,,2026-06-18 00:00:00,machine,False,True,"{""Department"": ""Finance""}"
