aad_object_id,user_principal_name,display_name,given_name,surname,email,department,job_title,account_enabled,last_sign_in,created_date_time,on_premises_sync_enabled,on_premises_sam_account_name,assigned_licenses,mfa_registered,tenant_id
1825bc54-30be-b45f-6835-14f2ceb81f9d,danielle.johnson@corp.nexusai.com,Danielle Johnson,Danielle,Johnson,danielle.johnson@corp.nexusai.com,Executive,SVP Finance,True,2026-06-09 00:00:00,2023-04-12,True,djohnson,"[""ENTERPRISEPACK""]",True,a1b2c3d4-e5f6-7890-abcd-ef1234567890
0f844fef-1931-e9ee-a56c-0941fbf24050,joshua.walker@nexusai.onmicrosoft.com,Joshua Walker,Joshua,Walker,joshua.walker@corp.nexusai.com,Executive,SVP Finance,True,2026-06-13 00:00:00,2021-12-26,True,jwalker,"[""ENTERPRISEPACK""]",True,a1b2c3d4-e5f6-7890-abcd-ef1234567890
23e2fcb4-72d8-567d-894a-05e430b187ef,jill.rhodes@corp.nexusai.com,Jill Rhodes,Jill,Rhodes,jill.rhodes@corp.nexusai.com,Executive,CEO,True,2026-06-18 00:00:00,2020-08-05,False,jrhodes,"[""ENTERPRISEPACK""]",False,a1b2c3d4-e5f6-7890-abcd-ef1234567890
a6f2f7b8-0cf3-5b58-1910-8be58ce21ea3,patricia.miller@corp.nexusai.com,Patricia Miller,Patricia,Miller,patricia.miller@corp.nexusai.com,Executive,SVP Finance,True,2026-06-08 00:00:00,2021-07-17,True,,"[""ENTERPRISEPACK""]",True,a1b2c3d4-e5f6-7890-abcd-ef1234567890
dd59ba71-36b8-2481-7b3a-4e3e7c52fa17,robert.johnson@corp.nexusai.com,Robert Johnson,Robert,Johnson,robert.johnson@corp.nexusai.com,Executive,CTO,True,2026-06-14 00:00:00,2023-03-22,True,rjohnson,"[""ENTERPRISEPACK""]",True,a1b2c3d4-e5f6-7890-abcd-ef1234567890
c88a618e-fed4-057d-bb02-6576f512c4c3,jeffery.wagner@corp.nexusai.com,Jeffery Wagner,Jeffery,Wagner,jeffery.wagner@corp.nexusai.com,Executive,CFO,True,2026-06-15 00:00:00,2020-11-02,True,jwagner,"[""ENTERPRISEPACK""]",True,a1b2c3d4-e5f6-7890-abcd-ef1234567890
bc594585-9445-28c0-0ef8-c2d6f7fd5646,anthony.gonzalez@corp.nexusai.com,Anthony Gonzalez,Anthony,Gonzalez,anthony.gonzalez@corp.nexusai.com,Executive,VP Engineering,True,2026-06-09 00:00:00,2021-05-11,False,agonzalez,"[""ENTERPRISEPACK""]",False,a1b2c3d4-e5f6-7890-abcd-ef1234567890
87f7e1fb-da4b-d9ca-eb5c-f46780bacd64,debra.gardner@corp.nexusai.com,Debra Gardner,Debra,Gardner,debra.gardner@corp.nexusai.com,Executive,CISO,True,2026-06-15 00:00:00,2024-05-02,False,dgardner,"[""ENTERPRISEPACK""]",True,a1b2c3d4-e5f6-7890-abcd-ef1234567890
dca02eec-acda-bacc-1165-e21098543881,jeffrey.lawrence@nexusai.onmicrosoft.com,Jeffrey Lawrence,Jeffrey,Lawrence,jeffrey.lawrence@corp.nexusai.com,Engineering,Engineering Manager,True,2026-06-08 00:00:00,2025-02-24,True,jlawrence,"[""ENTERPRISEPACK""]",True,a1b2c3d4-e5f6-7890-abcd-ef1234567890
14fcdd54-9e8f-c965-0a2c-827e98326856,lisa.smith@corp.nexusai.com,Lisa Smith,Lisa,Smith,lisa.smith@corp.nexusai.com,IT-Operations,Infrastructure Engineer,True,2026-06-08 00:00:00,2022-04-25,False,lsmith,"[""ENTERPRISEPACK""]",True,a1b2c3d4-e5f6-7890-abcd-ef1234567890
9f044aed-7552-3327-0262-7f7312922f83,matthew.moore@nexusai.onmicrosoft.com,Matthew Moore,Matthew,Moore,matthew.moore@corp.nexusai.com,Executive,CISO,True,2026-06-12 00:00:00,2022-01-30,False,mmoore,"[""ENTERPRISEPACK""]",True,a1b2c3d4-e5f6-7890-abcd-ef1234567890
ce9e1a11-fcbb-4e59-fbdd-cf7c9c96e9ec,christopher.davis@nexusai.onmicrosoft.com,Christopher Davis,Christopher,Davis,christopher.davis@corp.nexusai.com,Engineering,Engineering Manager,False,,2021-10-03,True,cdavis,"[""ENTERPRISEPACK""]",True,a1b2c3d4-e5f6-7890-abcd-ef1234567890
e3c43657-1d8c-bbac-43b4-09ef2260e70f,melanie.munoz@corp.nexusai.com,Melanie Munoz,Melanie,Munoz,melanie.munoz@corp.nexusai.com,Executive,VP Engineering,True,2026-06-16 00:00:00,2020-08-20,True,,"[""ENTERPRISEPACK""]",False,a1b2c3d4-e5f6-7890-abcd-ef1234567890
afffcfd2-341e-f40b-57c7-00aab7b56ea7,lindsay.blair@corp.nexusai.com,Lindsay Blair,Lindsay,Blair,lindsay.blair@corp.nexusai.com,Legal,Contract Specialist,True,2026-06-18 00:00:00,2025-02-01,True,lblair,"[""ENTERPRISEPACK""]",False,a1b2c3d4-e5f6-7890-abcd-ef1234567890
a2607723-17a0-df49-0d01-280fd89a40c0,amanda.dudley@corp.nexusai.com,Amanda Dudley,Amanda,Dudley,amanda.dudley@corp.nexusai.com,Sales,Account Executive,False,,2024-10-26,False,adudley,"[""ENTERPRISEPACK""]",True,a1b2c3d4-e5f6-7890-abcd-ef1234567890
b0e6a969-e213-42b0-f1ee-dba313432e61,maria.montgomery@nexusai.onmicrosoft.com,Maria Montgomery,Maria,Montgomery,maria.montgomery@corp.nexusai.com,Executive,CISO,True,2026-06-12 00:00:00,2021-04-23,False,mmontgomery,"[""ENTERPRISEPACK""]",True,a1b2c3d4-e5f6-7890-abcd-ef1234567890
eededb07-e623-a689-5d59-cd2a4eea04e7,michelle.ray@corp.nexusai.com,Michelle Ray,Michelle,Ray,michelle.ray@corp.nexusai.com,Sales,Account Executive,True,2026-06-14 00:00:00,2021-08-19,False,mray,"[""ENTERPRISEPACK""]",True,a1b2c3d4-e5f6-7890-abcd-ef1234567890
dfed2c43-e256-a6dc-8f54-86b7c7b5b2bc,janet.williams@corp.nexusai.com,Janet Williams,Janet,Williams,janet.williams@corp.nexusai.com,Marketing,Brand Specialist,True,2026-06-18 00:00:00,2023-07-14,True,,"[""ENTERPRISEPACK""]",True,a1b2c3d4-e5f6-7890-abcd-ef1234567890
ccc56569-f9e8-a369-2999-b735dd56cc94,jeremy.roberts@corp.nexusai.com,Jeremy Roberts,Jeremy,Roberts,jeremy.roberts@corp.nexusai.com,HR,HR Business Partner,True,2026-06-14 00:00:00,2022-04-15,True,jroberts,"[""ENTERPRISEPACK""]",True,a1b2c3d4-e5f6-7890-abcd-ef1234567890
bc2cbb0d-dd33-4cc7-ab7f-089acd5f4822,christopher.hall@nexusai.onmicrosoft.com,Christopher Hall,Christopher,Hall,christopher.hall@corp.nexusai.com,IT-Operations,Systems Administrator,True,2026-06-08 00:00:00,2025-06-07,False,chall,"[""ENTERPRISEPACK""]",False,a1b2c3d4-e5f6-7890-abcd-ef1234567890
eb1fa9f2-d10b-d1d0-3317-347038f16a81,craig.ramirez@corp.nexusai.com,Craig Ramirez,Craig,Ramirez,craig.ramirez@corp.nexusai.com,Sales,Enterprise Account Executive,True,2025-10-02 00:00:00,2023-02-11,False,,"[""ENTERPRISEPACK""]",True,a1b2c3d4-e5f6-7890-abcd-ef1234567890
6601ddd0-3170-f437-a8f7-ef5a060edf5b,cynthia.diaz@corp.nexusai.com,Cynthia Diaz,Cynthia,Diaz,cynthia.diaz@corp.nexusai.com,HR,Talent Acquisition Specialist,True,2026-06-20 00:00:00,2023-03-06,True,,"[""ENTERPRISEPACK""]",False,a1b2c3d4-e5f6-7890-abcd-ef1234567890
adf4e62d-6651-529e-8268-690ba43825b5,mitchell.clark@nexusai.onmicrosoft.com,Mitchell Clark,Mitchell,Clark,mitchell.clark@corp.nexusai.com,Operations,Operations Analyst,True,2026-06-08 00:00:00,2024-03-29,True,mclark,"[""ENTERPRISEPACK""]",True,a1b2c3d4-e5f6-7890-abcd-ef1234567890
09cb3942-43f5-9a85-fbc9-f87af668a617,joseph.zuniga@nexusai.onmicrosoft.com,Joseph Zuniga,Joseph,Zuniga,joseph.zuniga@corp.nexusai.com,Marketing,Demand Generation Manager,True,2026-06-09 00:00:00,2023-02-12,False,jzuniga,"[""ENTERPRISEPACK""]",False,a1b2c3d4-e5f6-7890-abcd-ef1234567890
1d9af659-82ec-9f2d-fbf6-e16f9b3080d5,deborah.lynch@corp.nexusai.com,Deborah Lynch,Deborah,Lynch,deborah.lynch@corp.nexusai.com,Operations,Operations Analyst,True,2026-06-18 00:00:00,2022-08-07,True,dlynch,"[""ENTERPRISEPACK""]",True,a1b2c3d4-e5f6-7890-abcd-ef1234567890
f0b5156b-b82c-9074-afd5-dea589d7fd6c,george.daniel@corp.nexusai.com,George Daniel,George,Daniel,george.daniel@corp.nexusai.com,Operations,Operations Manager,True,2026-06-13 00:00:00,2022-09-04,True,,"[""ENTERPRISEPACK""]",True,a1b2c3d4-e5f6-7890-abcd-ef1234567890
1fe771d6-d917-8793-a9d3-c2e6505cc686,frank.gray@nexusai.onmicrosoft.com,Frank Gray,Frank,Gray,frank.gray@corp.nexusai.com,Legal,Compliance Officer,True,2026-06-08 00:00:00,2023-09-25,True,fgray,"[""ENTERPRISEPACK""]",True,a1b2c3d4-e5f6-7890-abcd-ef1234567890
8dedf9fb-4bb0-0f20-b27c-40266703b636,veronica.bowman@corp.nexusai.com,Veronica Bowman,Veronica,Bowman,veronica.bowman@corp.nexusai.com,Executive,CTO,True,2026-06-14 00:00:00,2023-06-06,False,vbowman,"[""ENTERPRISEPACK""]",True,a1b2c3d4-e5f6-7890-abcd-ef1234567890
91b0e1d9-9d92-62af-2c8d-0e44e71e43a6,angela.cohen@corp.nexusai.com,Angela Cohen,Angela,Cohen,angela.cohen@corp.nexusai.com,IT-Operations,IT Support Specialist,True,2026-06-07 00:00:00,2021-05-13,True,acohen,"[""ENTERPRISEPACK""]",True,a1b2c3d4-e5f6-7890-abcd-ef1234567890
7118e364-7709-7749-527e-ecfaa79ac9aa,megan.parsons@corp.nexusai.com,Megan Parsons,Megan,Parsons,megan.parsons@corp.nexusai.com,IT-Operations,Systems Administrator,True,2026-06-15 00:00:00,2024-01-02,False,,"[""ENTERPRISEPACK""]",True,a1b2c3d4-e5f6-7890-abcd-ef1234567890
a8aa7158-2b70-e525-bc67-f831cbc84759,jeremy.johnson@corp.nexusai.com,Jeremy Johnson,Jeremy,Johnson,jeremy.johnson@corp.nexusai.com,Security,Security Analyst,True,2025-06-25 00:00:00,2022-12-12,True,jjohnson,"[""ENTERPRISEPACK""]",True,a1b2c3d4-e5f6-7890-abcd-ef1234567890
3c20592f-c04a-96c4-f3b6-3fe1d1843324,leslie.adams@corp.nexusai.com,Leslie Adams,Leslie,Adams,leslie.adams@corp.nexusai.com,Executive,VP Engineering,True,2025-07-09 00:00:00,2023-06-10,True,ladams,"[""ENTERPRISEPACK""]",True,a1b2c3d4-e5f6-7890-abcd-ef1234567890
74962764-12a4-def0-c4bb-b7a9d98868dd,jason.hahn@corp.nexusai.com,Jason Hahn,Jason,Hahn,jason.hahn@corp.nexusai.com,IT-Operations,Systems Administrator,True,2026-06-19 00:00:00,2023-10-19,True,jhahn,"[""ENTERPRISEPACK""]",True,a1b2c3d4-e5f6-7890-abcd-ef1234567890
25c73c44-3e75-c3b4-664f-a6637e8f8095,nancy.edwards@corp.nexusai.com,Nancy Edwards,Nancy,Edwards,nancy.edwards@corp.nexusai.com,Finance,Financial Analyst,True,2026-06-18 00:00:00,2021-11-10,True,nedwards,"[""ENTERPRISEPACK""]",True,a1b2c3d4-e5f6-7890-abcd-ef1234567890
b227462c-f53d-4330-cdda-24ba2d06e8cf,diana.foster@nexusai.onmicrosoft.com,Diana Foster,Diana,Foster,diana.foster@corp.nexusai.com,Marketing,Demand Generation Manager,True,2026-06-18 00:00:00,2020-12-20,True,dfoster,"[""ENTERPRISEPACK""]",True,a1b2c3d4-e5f6-7890-abcd-ef1234567890
c1581092-f335-cba3-513a-7052986f9025,joseph.wright@corp.nexusai.com,Joseph Wright,Joseph,Wright,joseph.wright@corp.nexusai.com,Marketing,Marketing Analyst,True,2026-06-18 00:00:00,2024-04-11,True,jwright,"[""ENTERPRISEPACK""]",True,a1b2c3d4-e5f6-7890-abcd-ef1234567890
722764e6-8c41-561b-e827-a1b9d4a02e53,anna.baker@nexusai.onmicrosoft.com,Anna Baker,Anna,Baker,anna.baker@corp.nexusai.com,Security,IAM Engineer,True,2026-06-12 00:00:00,2023-08-30,True,abaker,"[""ENTERPRISEPACK""]",True,a1b2c3d4-e5f6-7890-abcd-ef1234567890
7c0e8cd8-8573-e793-c715-b2b9c40c5d91,brenda.hurst@nexusai.onmicrosoft.com,Brenda Hurst,Brenda,Hurst,brenda.hurst@corp.nexusai.com,Engineering,Principal Engineer,True,2026-06-14 00:00:00,2023-10-11,True,bhurst,"[""ENTERPRISEPACK""]",True,a1b2c3d4-e5f6-7890-abcd-ef1234567890
269cd696-236c-7b87-14a0-bccb8a476a87,reginald.robinson@corp.nexusai.com,Reginald Robinson,Reginald,Robinson,reginald.robinson@corp.nexusai.com,Legal,Contract Specialist,True,2026-06-16 00:00:00,2021-12-22,True,rrobinson,"[""ENTERPRISEPACK""]",True,a1b2c3d4-e5f6-7890-abcd-ef1234567890
7746d0ba-8ae8-905b-54b4-a48268586eba,whitney.hicks@corp.nexusai.com,Whitney Hicks,Whitney,Hicks,whitney.hicks@corp.nexusai.com,HR,Talent Acquisition Specialist,False,,2024-02-26,True,,"[""ENTERPRISEPACK""]",True,a1b2c3d4-e5f6-7890-abcd-ef1234567890
9360715f-c3fe-0183-e172-b725db52ca58,christopher.williams@corp.nexusai.com,Christopher Williams,Christopher,Williams,christopher.williams@corp.nexusai.com,HR,Talent Acquisition Specialist,True,2026-06-18 00:00:00,2023-03-23,True,cwilliams,"[""ENTERPRISEPACK""]",True,a1b2c3d4-e5f6-7890-abcd-ef1234567890
bc10fa52-bf5d-2fdf-89c8-d2ab6b44fa8d,daniel.burton@corp.nexusai.com,Daniel Burton,Daniel,Burton,daniel.burton@corp.nexusai.com,HR,HR Specialist,True,2026-06-09 00:00:00,2023-03-28,True,dburton,"[""ENTERPRISEPACK""]",True,a1b2c3d4-e5f6-7890-abcd-ef1234567890
638c254c-076e-2bba-7c53-08bf6f92f25e,laura.henderson@nexusai.onmicrosoft.com,Laura Henderson,Laura,Henderson,laura.henderson@corp.nexusai.com,Finance,Finance Manager,True,2026-06-15 00:00:00,2024-06-16,True,lhenderson,"[""ENTERPRISEPACK""]",True,a1b2c3d4-e5f6-7890-abcd-ef1234567890
fb10987f-20ac-3703-eb67-146a77a6e17c,bryan.james@corp.nexusai.com,Bryan James,Bryan,James,bryan.james@corp.nexusai.com,Legal,Contract Specialist,False,,2022-09-26,True,bjames,"[""ENTERPRISEPACK""]",True,a1b2c3d4-e5f6-7890-abcd-ef1234567890
53cd6268-610c-f373-4299-9aa40cdf742b,wendy.rice@corp.nexusai.com,Wendy Rice,Wendy,Rice,wendy.rice@corp.nexusai.com,Marketing,Brand Specialist,True,2026-06-16 00:00:00,2021-09-05,True,,"[""ENTERPRISEPACK""]",False,a1b2c3d4-e5f6-7890-abcd-ef1234567890
6bebac31-d4f8-fd72-f382-1cfdc083b73a,tasha.valencia@corp.nexusai.com,Tasha Valencia,Tasha,Valencia,tasha.valencia@corp.nexusai.com,Sales,Enterprise Account Executive,True,2026-06-20 00:00:00,2023-12-05,False,,"[""ENTERPRISEPACK""]",False,a1b2c3d4-e5f6-7890-abcd-ef1234567890
f510ab53-c7fe-e39f-1190-f938a66fd7f7,alexander.le@corp.nexusai.com,Alexander Le,Alexander,Le,alexander.le@corp.nexusai.com,Finance,Controller,True,2026-06-20 00:00:00,2022-03-23,False,ale,"[""ENTERPRISEPACK""]",True,a1b2c3d4-e5f6-7890-abcd-ef1234567890
1d48a071-ab61-a7b1-793b-4c3220500494,joseph.davidson@nexusai.onmicrosoft.com,Joseph Davidson,Joseph,Davidson,joseph.davidson@corp.nexusai.com,Finance,Finance Manager,True,2026-06-18 00:00:00,2023-10-28,True,jdavidson,"[""ENTERPRISEPACK""]",True,a1b2c3d4-e5f6-7890-abcd-ef1234567890
f1043785-658b-2523-6014-1de9f54ad0a2,nancy.baker@corp.nexusai.com,Nancy Baker,Nancy,Baker,nancy.baker@corp.nexusai.com,Operations,Operations Manager,True,2026-06-19 00:00:00,2022-05-30,True,,"[""ENTERPRISEPACK""]",True,a1b2c3d4-e5f6-7890-abcd-ef1234567890
ce3714af-99b4-9350-af2b-99b4d9acd158,vincent.white@corp.nexusai.com,Vincent White,Vincent,White,vincent.white@corp.nexusai.com,HR,HR Specialist,True,2026-06-17 00:00:00,2020-09-05,False,vwhite,"[""ENTERPRISEPACK""]",True,a1b2c3d4-e5f6-7890-abcd-ef1234567890
8861fe18-58e2-5888-0a83-81bec85aca46,rita.harrell@nexusai.onmicrosoft.com,Rita Harrell,Rita,Harrell,rita.harrell@corp.nexusai.com,Marketing,Marketing Manager,True,2026-02-04 00:00:00,2025-02-22,True,,"[""ENTERPRISEPACK""]",True,a1b2c3d4-e5f6-7890-abcd-ef1234567890
7d7ddbed-d284-476c-6b88-f83dd97dc9cd,kenneth.fowler@corp.nexusai.com,Kenneth Fowler,Kenneth,Fowler,kenneth.fowler@corp.nexusai.com,HR,HR Manager,True,2026-06-17 00:00:00,2023-01-07,True,kfowler,"[""ENTERPRISEPACK""]",True,a1b2c3d4-e5f6-7890-abcd-ef1234567890
2d174fc9-6f7c-15ea-272a-6d8eb5122df8,chelsea.hernandez@nexusai.onmicrosoft.com,Chelsea Hernandez,Chelsea,Hernandez,chelsea.hernandez@corp.nexusai.com,Executive,CTO,True,2026-01-31 00:00:00,2022-10-05,True,chernandez,"[""ENTERPRISEPACK""]",False,a1b2c3d4-e5f6-7890-abcd-ef1234567890
7701f7bb-7bc6-7e1f-c64e-e6e389c5b31a,kathryn.ryan@corp.nexusai.com,Kathryn Ryan,Kathryn,Ryan,kathryn.ryan@corp.nexusai.com,IT-Operations,Systems Administrator,True,2026-06-20 00:00:00,2023-10-24,True,kryan,"[""ENTERPRISEPACK""]",True,a1b2c3d4-e5f6-7890-abcd-ef1234567890
4767d76c-162f-8a24-ef43-613cd4aac9a3,kimberly.moreno@corp.nexusai.com,Kimberly Moreno,Kimberly,Moreno,kimberly.moreno@corp.nexusai.com,Operations,Business Operations Specialist,True,2026-06-07 00:00:00,2024-01-18,True,kmoreno,"[""ENTERPRISEPACK""]",True,a1b2c3d4-e5f6-7890-abcd-ef1234567890
7cd0129d-2e8d-0e87-5334-20e6d9d80b8d,aaron.nguyen@corp.nexusai.com,Aaron Nguyen,Aaron,Nguyen,aaron.nguyen@corp.nexusai.com,Legal,Contract Specialist,False,,2020-12-28,False,,"[""ENTERPRISEPACK""]",False,a1b2c3d4-e5f6-7890-abcd-ef1234567890
8e485223-46b9-8991-e14e-b70db380c73a,andrew.hickman@corp.nexusai.com,Andrew Hickman,Andrew,Hickman,andrew.hickman@corp.nexusai.com,Finance,Senior Financial Analyst,True,2026-06-09 00:00:00,2023-11-22,True,,"[""ENTERPRISEPACK""]",False,a1b2c3d4-e5f6-7890-abcd-ef1234567890
046a0df5-cafd-a613-72bb-912d7da67785,natasha.decker@nexusai.onmicrosoft.com,Natasha Decker,Natasha,Decker,natasha.decker@corp.nexusai.com,Security,Threat Intelligence Analyst,True,2026-06-13 00:00:00,2024-01-24,False,,"[""ENTERPRISEPACK""]",False,a1b2c3d4-e5f6-7890-abcd-ef1234567890
a9f948b2-4e63-84bb-3e49-3f43b118f68d,kyle.brown@nexusai.onmicrosoft.com,Kyle Brown,Kyle,Brown,kyle.brown@corp.nexusai.com,Security,Threat Intelligence Analyst,True,2026-06-15 00:00:00,2020-10-11,True,kbrown,"[""ENTERPRISEPACK""]",False,a1b2c3d4-e5f6-7890-abcd-ef1234567890
5a104129-54ae-bd1b-8ce6-424dbef59fe6,natalie.arroyo@corp.nexusai.com,Natalie Arroyo,Natalie,Arroyo,natalie.arroyo@corp.nexusai.com,Legal,Legal Counsel,False,,2020-11-22,False,narroyo,"[""ENTERPRISEPACK""]",True,a1b2c3d4-e5f6-7890-abcd-ef1234567890
be2d740a-1e9b-23bc-50c7-c006314d3441,christopher.tucker@corp.nexusai.com,Christopher Tucker,Christopher,Tucker,christopher.tucker@corp.nexusai.com,HR,HR Business Partner,True,2026-06-07 00:00:00,2024-10-06,True,ctucker,"[""ENTERPRISEPACK""]",False,a1b2c3d4-e5f6-7890-abcd-ef1234567890
5c62b3a2-3a3c-563e-4bd6-cee631b1b099,katie.anderson@corp.nexusai.com,Katie Anderson,Katie,Anderson,katie.anderson@corp.nexusai.com,IT-Operations,Cloud Engineer,True,2026-06-09 00:00:00,2024-06-16,True,kanderson,"[""ENTERPRISEPACK""]",False,a1b2c3d4-e5f6-7890-abcd-ef1234567890
4ac9778d-8da8-eee4-0df5-6ac6f96b648a,thomas.pierce@corp.nexusai.com,Thomas Pierce,Thomas,Pierce,thomas.pierce@corp.nexusai.com,Security,Senior Security Analyst,True,2026-06-14 00:00:00,2022-11-24,True,tpierce,"[""ENTERPRISEPACK""]",True,a1b2c3d4-e5f6-7890-abcd-ef1234567890
48ca7651-92f5-df7b-0323-d342df6a8f93,joseph.brennan@corp.nexusai.com,Joseph Brennan,Joseph,Brennan,joseph.brennan@corp.nexusai.com,HR,Compensation Analyst,True,2026-06-09 00:00:00,2024-07-26,True,,"[""ENTERPRISEPACK""]",True,a1b2c3d4-e5f6-7890-abcd-ef1234567890
40a26c60-0d27-0659-f72a-da9b2f32751e,rodney.lewis@nexusai.onmicrosoft.com,Rodney Lewis,Rodney,Lewis,rodney.lewis@corp.nexusai.com,Operations,Operations Analyst,True,2026-06-09 00:00:00,2023-04-18,False,rlewis,"[""ENTERPRISEPACK""]",True,a1b2c3d4-e5f6-7890-abcd-ef1234567890
cfa701cd-2631-d00b-26d7-94d30db95301,amber.blair@corp.nexusai.com,Amber Blair,Amber,Blair,amber.blair@corp.nexusai.com,Executive,CTO,True,2026-06-16 00:00:00,2025-01-06,False,,"[""ENTERPRISEPACK""]",True,a1b2c3d4-e5f6-7890-abcd-ef1234567890
989bc4da-9b37-a22b-6a8a-616fc3b290d0,james.collins@corp.nexusai.com,James Collins,James,Collins,james.collins@corp.nexusai.com,IT-Operations,Cloud Engineer,True,2026-06-20 00:00:00,2021-01-02,True,jcollins,"[""ENTERPRISEPACK""]",True,a1b2c3d4-e5f6-7890-abcd-ef1234567890
e893be3d-7354-ea6f-6160-745985c7504b,wanda.santos@corp.nexusai.com,Wanda Santos,Wanda,Santos,wanda.santos@corp.nexusai.com,Operations,Operations Manager,True,2026-06-13 00:00:00,2025-05-11,True,wsantos,"[""ENTERPRISEPACK""]",False,a1b2c3d4-e5f6-7890-abcd-ef1234567890
f5c9b047-9c10-c572-0f6b-40d09efba58b,samuel.holmes@corp.nexusai.com,Samuel Holmes,Samuel,Holmes,samuel.holmes@corp.nexusai.com,Legal,Compliance Officer,True,2025-08-25 00:00:00,2023-08-09,True,sholmes,"[""ENTERPRISEPACK""]",True,a1b2c3d4-e5f6-7890-abcd-ef1234567890
2812859a-1337-739e-8d4f-5d272c7f0b79,david.walker@corp.nexusai.com,David Walker,David,Walker,david.walker@corp.nexusai.com,Engineering,Data Engineer,True,2026-06-12 00:00:00,2023-07-28,True,dwalker,"[""ENTERPRISEPACK""]",True,a1b2c3d4-e5f6-7890-abcd-ef1234567890
43b9da13-ec85-6f37-3bc1-a987aff8754d,matthew.chapman@corp.nexusai.com,Matthew Chapman,Matthew,Chapman,matthew.chapman@corp.nexusai.com,Engineering,QA Engineer,True,2026-06-08 00:00:00,2024-04-07,True,mchapman,"[""ENTERPRISEPACK""]",True,a1b2c3d4-e5f6-7890-abcd-ef1234567890
32a447b2-ef04-e57d-cdcc-c33aa9434aa0,jerry.robinson@corp.nexusai.com,Jerry Robinson,Jerry,Robinson,jerry.robinson@corp.nexusai.com,Finance,Financial Analyst,True,2026-06-16 00:00:00,2021-01-05,True,jrobinson,"[""ENTERPRISEPACK""]",True,a1b2c3d4-e5f6-7890-abcd-ef1234567890
0f44704f-1247-ea4e-2469-98e8d39e198b,chad.welch@corp.nexusai.com,Chad Welch,Chad,Welch,chad.welch@corp.nexusai.com,Sales,Account Executive,False,,2022-06-23,True,,"[""ENTERPRISEPACK""]",True,a1b2c3d4-e5f6-7890-abcd-ef1234567890
77fc9703-1fd5-a423-706c-5c5649e2623d,jeremy.whitehead@corp.nexusai.com,Jeremy Whitehead,Jeremy,Whitehead,jeremy.whitehead@corp.nexusai.com,IT-Operations,IT Support Specialist,True,2026-06-18 00:00:00,2024-01-26,True,jwhitehead,"[""ENTERPRISEPACK""]",True,a1b2c3d4-e5f6-7890-abcd-ef1234567890
bc0a6a5d-6e99-6e3e-e3b1-37fc0a3450fc,michele.jones@corp.nexusai.com,Michele Jones,Michele,Jones,michele.jones@corp.nexusai.com,Executive,SVP Finance,True,2025-11-01 00:00:00,2020-08-12,False,mjones,"[""ENTERPRISEPACK""]",True,a1b2c3d4-e5f6-7890-abcd-ef1234567890
2cd94cbb-c19a-d58c-c35b-1c8c0a4c9f7f,jason.anderson@corp.nexusai.com,Jason Anderson,Jason,Anderson,jason.anderson@corp.nexusai.com,Finance,Senior Financial Analyst,True,2026-06-15 00:00:00,2024-10-23,True,janderson,"[""ENTERPRISEPACK""]",True,a1b2c3d4-e5f6-7890-abcd-ef1234567890
785299f4-175b-a98d-f814-01027de1bdfe,selena.duncan@corp.nexusai.com,Selena Duncan,Selena,Duncan,selena.duncan@corp.nexusai.com,Security,Incident Responder,False,,2023-12-27,True,sduncan,"[""ENTERPRISEPACK""]",True,a1b2c3d4-e5f6-7890-abcd-ef1234567890
668409e3-f1f8-343e-a99f-131849c8a43f,thomas.mueller@corp.nexusai.com,Thomas Mueller,Thomas,Mueller,thomas.mueller@corp.nexusai.com,Executive,VP Engineering,True,2026-06-11 00:00:00,2022-07-26,False,tmueller,"[""ENTERPRISEPACK""]",True,a1b2c3d4-e5f6-7890-abcd-ef1234567890
d32e6dcd-83bc-9478-dd6a-c7b86778043b,lindsey.lee@corp.nexusai.com,Lindsey Lee,Lindsey,Lee,lindsey.lee@corp.nexusai.com,Finance,Treasury Analyst,False,,2025-05-06,True,,"[""ENTERPRISEPACK""]",True,a1b2c3d4-e5f6-7890-abcd-ef1234567890
71299889-a01a-c992-7f9d-3e64c1a6423b,collin.jordan@corp.nexusai.com,Collin Jordan,Collin,Jordan,collin.jordan@corp.nexusai.com,Engineering,Data Engineer,True,2026-06-10 00:00:00,2024-10-24,True,cjordan,"[""ENTERPRISEPACK""]",True,a1b2c3d4-e5f6-7890-abcd-ef1234567890
7c16128d-b2c0-8394-e17f-29e170286046,rodney.owens@corp.nexusai.com,Rodney Owens,Rodney,Owens,rodney.owens@corp.nexusai.com,Finance,Controller,True,2025-07-01 00:00:00,2025-01-24,True,rowens,"[""ENTERPRISEPACK""]",True,a1b2c3d4-e5f6-7890-abcd-ef1234567890
1d0bc9bd-e9b5-c5cf-d766-5cdafe049059,tracey.garcia@nexusai.onmicrosoft.com,Tracey Garcia,Tracey,Garcia,tracey.garcia@corp.nexusai.com,Security,Senior Security Analyst,False,,2022-11-13,True,,"[""ENTERPRISEPACK""]",True,a1b2c3d4-e5f6-7890-abcd-ef1234567890
b495db4e-8245-6fb4-4ab7-706eb77350ca,richard.morgan@corp.nexusai.com,Richard Morgan,Richard,Morgan,richard.morgan@corp.nexusai.com,Executive,VP Sales,False,,2025-05-06,True,rmorgan,"[""ENTERPRISEPACK""]",True,a1b2c3d4-e5f6-7890-abcd-ef1234567890
bf0d073d-821c-1336-9970-cf60ebff8d15,michelle.wright@corp.nexusai.com,Michelle Wright,Michelle,Wright,michelle.wright@corp.nexusai.com,Operations,Operations Analyst,True,2026-06-17 00:00:00,2021-04-08,True,,"[""ENTERPRISEPACK""]",True,a1b2c3d4-e5f6-7890-abcd-ef1234567890
c9a7d91f-ef2a-e713-5702-10496a39aaa6,james.west@corp.nexusai.com,James West,James,West,james.west@corp.nexusai.com,Sales,Account Executive,True,2026-06-16 00:00:00,2023-05-18,True,jwest,"[""ENTERPRISEPACK""]",False,a1b2c3d4-e5f6-7890-abcd-ef1234567890
e9d68f23-b489-d070-7914-f8a8bea4ff31,scott.callahan@corp.nexusai.com,Scott Callahan,Scott,Callahan,scott.callahan@corp.nexusai.com,Sales,Regional Sales Director,True,2026-06-17 00:00:00,2022-02-26,True,scallahan,"[""ENTERPRISEPACK""]",True,a1b2c3d4-e5f6-7890-abcd-ef1234567890
f6febc0e-7ecd-dbaf-26f0-5fcffb16e5db,andrea.williams@corp.nexusai.com,Andrea Williams,Andrea,Williams,andrea.williams@corp.nexusai.com,HR,Compensation Analyst,True,2026-06-08 00:00:00,2021-06-27,True,awilliams,"[""ENTERPRISEPACK""]",False,a1b2c3d4-e5f6-7890-abcd-ef1234567890
def57689-68f4-5bce-24e7-5e8eb8f21423,tanya.house@corp.nexusai.com,Tanya House,Tanya,House,tanya.house@corp.nexusai.com,Executive,SVP Finance,True,2026-06-19 00:00:00,2022-06-16,True,thouse,"[""ENTERPRISEPACK""]",True,a1b2c3d4-e5f6-7890-abcd-ef1234567890
65c17795-b155-16bc-9f8d-ed9756abf2f1,melinda.martin@corp.nexusai.com,Melinda Martin,Melinda,Martin,melinda.martin@corp.nexusai.com,Marketing,Marketing Analyst,False,,2020-11-03,True,mmartin,"[""ENTERPRISEPACK""]",True,a1b2c3d4-e5f6-7890-abcd-ef1234567890
7cea2045-c268-283e-e32f-2e63b7fddd71,todd.lewis@nexusai.onmicrosoft.com,Todd Lewis,Todd,Lewis,todd.lewis@corp.nexusai.com,Finance,Controller,True,2026-06-09 00:00:00,2021-02-18,False,tlewis,"[""ENTERPRISEPACK""]",False,a1b2c3d4-e5f6-7890-abcd-ef1234567890
3a3c8a71-ff57-4e2b-4991-ab9bebc2026f,richard.brown@nexusai.onmicrosoft.com,Richard Brown,Richard,Brown,richard.brown@corp.nexusai.com,Marketing,Marketing Manager,True,2026-06-08 00:00:00,2024-02-16,True,rbrown,"[""ENTERPRISEPACK""]",True,a1b2c3d4-e5f6-7890-abcd-ef1234567890
6e417d47-5ff5-95ea-5bc4-40f14b1a269b,joseph.bowers@corp.nexusai.com,Joseph Bowers,Joseph,Bowers,joseph.bowers@corp.nexusai.com,Finance,Treasury Analyst,False,,2023-02-04,False,jbowers,"[""ENTERPRISEPACK""]",True,a1b2c3d4-e5f6-7890-abcd-ef1234567890
9c07a751-1437-4509-2cd1-586a2b840c67,spencer.henderson@nexusai.onmicrosoft.com,Spencer Henderson,Spencer,Henderson,spencer.henderson@corp.nexusai.com,Legal,Legal Counsel,True,2026-06-14 00:00:00,2021-05-07,True,shenderson,"[""ENTERPRISEPACK""]",True,a1b2c3d4-e5f6-7890-abcd-ef1234567890
aab612c9-415d-174a-75a6-69814104a8b5,susan.cowan@corp.nexusai.com,Susan Cowan,Susan,Cowan,susan.cowan@corp.nexusai.com,Legal,Contract Specialist,True,2026-06-10 00:00:00,2020-11-23,True,scowan,"[""ENTERPRISEPACK""]",True,a1b2c3d4-e5f6-7890-abcd-ef1234567890
f1faf665-7115-33f3-12e8-9d1028711733,angela.higgins@nexusai.onmicrosoft.com,Angela Higgins,Angela,Higgins,angela.higgins@corp.nexusai.com,Operations,Operations Analyst,True,2026-06-17 00:00:00,2024-01-18,True,ahiggins,"[""ENTERPRISEPACK""]",True,a1b2c3d4-e5f6-7890-abcd-ef1234567890
da743152-627b-41a1-ffd6-f23232ffe294,eric.phillips@nexusai.onmicrosoft.com,Eric Phillips,Eric,Phillips,eric.phillips@corp.nexusai.com,Finance,Finance Manager,True,2026-06-11 00:00:00,2022-10-08,True,ephillips,"[""ENTERPRISEPACK""]",True,a1b2c3d4-e5f6-7890-abcd-ef1234567890
6553867d-a881-bfd3-d47d-577bfa5a91ca,tanya.riley@corp.nexusai.com,Tanya Riley,Tanya,Riley,tanya.riley@corp.nexusai.com,Sales,Account Executive,True,2026-06-13 00:00:00,2024-08-06,True,triley,"[""ENTERPRISEPACK""]",True,a1b2c3d4-e5f6-7890-abcd-ef1234567890
bec39a37-9b3d-74bd-e91e-314e0c8e29e3,amy.adkins@nexusai.onmicrosoft.com,Amy Adkins,Amy,Adkins,amy.adkins@corp.nexusai.com,Engineering,Engineering Manager,False,,2022-11-22,True,aadkins,"[""ENTERPRISEPACK""]",True,a1b2c3d4-e5f6-7890-abcd-ef1234567890
402913ec-9ef2-b93e-30ac-7d7ba2f963a3,brian.silva@corp.nexusai.com,Brian Silva,Brian,Silva,brian.silva@corp.nexusai.com,IT-Operations,Network Engineer,True,2026-06-19 00:00:00,2023-11-18,True,bsilva,"[""ENTERPRISEPACK""]",True,a1b2c3d4-e5f6-7890-abcd-ef1234567890
5d678bb1-945e-f2e4-088a-93ec70d9c9f8,wesley.farrell@nexusai.onmicrosoft.com,Wesley Farrell,Wesley,Farrell,wesley.farrell@corp.nexusai.com,Operations,Supply Chain Analyst,False,,2021-07-05,True,wfarrell,"[""ENTERPRISEPACK""]",True,a1b2c3d4-e5f6-7890-abcd-ef1234567890
5da8d6d2-f8b3-8a8b-e05f-b8bc8a16a06c,christopher.lopez@corp.nexusai.com,Christopher Lopez,Christopher,Lopez,christopher.lopez@corp.nexusai.com,HR,HR Business Partner,True,2026-06-18 00:00:00,2022-04-05,True,clopez,"[""ENTERPRISEPACK""]",True,a1b2c3d4-e5f6-7890-abcd-ef1234567890
f7a67b94-7b5a-611a-f1b6-4afed31edf1a,brooke.leonard@nexusai.onmicrosoft.com,Brooke Leonard,Brooke,Leonard,brooke.leonard@corp.nexusai.com,Executive,CISO,True,2026-06-16 00:00:00,2025-03-23,True,bleonard,"[""ENTERPRISEPACK""]",True,a1b2c3d4-e5f6-7890-abcd-ef1234567890
ad238d36-dc32-2c97-39c1-e262f76c8ede,joe.wilson@corp.nexusai.com,Joe Wilson,Joe,Wilson,joe.wilson@corp.nexusai.com,Legal,Contract Specialist,True,2025-09-18 00:00:00,2021-01-02,False,jwilson,"[""ENTERPRISEPACK""]",True,a1b2c3d4-e5f6-7890-abcd-ef1234567890
1fa382e8-895c-cd99-43b3-8eb403902c5d,pamela.sanchez@corp.nexusai.com,Pamela Sanchez,Pamela,Sanchez,pamela.sanchez@corp.nexusai.com,Engineering,Data Engineer,True,2026-06-16 00:00:00,2025-03-18,True,psanchez,"[""ENTERPRISEPACK""]",True,a1b2c3d4-e5f6-7890-abcd-ef1234567890
618ae305-95a5-bafa-431d-029fac1e86d8,brooke.harvey@nexusai.onmicrosoft.com,Brooke Harvey,Brooke,Harvey,brooke.harvey@corp.nexusai.com,Executive,VP Engineering,True,2026-06-19 00:00:00,2021-04-15,True,bharvey,"[""ENTERPRISEPACK""]",False,a1b2c3d4-e5f6-7890-abcd-ef1234567890
9c2e58de-ea4e-3617-53f8-382b8fb864e4,robert.silva@nexusai.onmicrosoft.com,Robert Silva,Robert,Silva,robert.silva@corp.nexusai.com,IT-Operations,Cloud Engineer,True,2026-06-08 00:00:00,2020-07-29,True,rsilva,"[""ENTERPRISEPACK""]",True,a1b2c3d4-e5f6-7890-abcd-ef1234567890
0986bbeb-f23e-323d-0b9b-d93423c86d30,alexandra.donovan@nexusai.onmicrosoft.com,Alexandra Donovan,Alexandra,Donovan,alexandra.donovan@corp.nexusai.com,IT-Operations,IT Manager,False,,2022-05-02,True,adonovan,"[""ENTERPRISEPACK""]",True,a1b2c3d4-e5f6-7890-abcd-ef1234567890
5efa9c5b-7421-ff46-637e-4b0122bae10e,james.moran@nexusai.onmicrosoft.com,James Moran,James,Moran,james.moran@corp.nexusai.com,Security,Threat Intelligence Analyst,True,2026-06-14 00:00:00,2024-10-18,True,,"[""ENTERPRISEPACK""]",True,a1b2c3d4-e5f6-7890-abcd-ef1234567890
e2aa7a5d-278e-d00d-ba02-66efbe055787,john.foster@nexusai.onmicrosoft.com,John Foster,John,Foster,john.foster@corp.nexusai.com,Operations,Process Engineer,True,2026-06-13 00:00:00,2020-08-21,True,jfoster,"[""ENTERPRISEPACK""]",False,a1b2c3d4-e5f6-7890-abcd-ef1234567890
b0b63bcf-0860-1833-479d-0cdaf396ea37,emily.evans@corp.nexusai.com,Emily Evans,Emily,Evans,emily.evans@corp.nexusai.com,IT-Operations,Network Engineer,True,2026-06-15 00:00:00,2023-07-19,False,eevans,"[""ENTERPRISEPACK""]",True,a1b2c3d4-e5f6-7890-abcd-ef1234567890
1777e8cb-7468-5b98-d2fe-2fded918b3e5,charles.ellis@corp.nexusai.com,Charles Ellis,Charles,Ellis,charles.ellis@corp.nexusai.com,Marketing,Marketing Manager,True,2026-06-11 00:00:00,2023-05-22,False,,"[""ENTERPRISEPACK""]",True,a1b2c3d4-e5f6-7890-abcd-ef1234567890
34885a46-9088-2eaf-c977-6598203c8c25,yolanda.ferrell@corp.nexusai.com,Yolanda Ferrell,Yolanda,Ferrell,yolanda.ferrell@corp.nexusai.com,HR,HR Business Partner,True,2026-06-17 00:00:00,2022-12-12,True,yferrell,"[""ENTERPRISEPACK""]",True,a1b2c3d4-e5f6-7890-abcd-ef1234567890
d0243d72-3748-967f-961d-33ba350843f0,charles.lewis@corp.nexusai.com,Charles Lewis,Charles,Lewis,charles.lewis@corp.nexusai.com,Sales,Sales Development Rep,True,2026-06-07 00:00:00,2023-07-29,True,clewis,"[""ENTERPRISEPACK""]",True,a1b2c3d4-e5f6-7890-abcd-ef1234567890
1c24220e-2cab-d7e7-cc6b-66e5402adf9c,nicole.suarez@nexusai.onmicrosoft.com,Nicole Suarez,Nicole,Suarez,nicole.suarez@corp.nexusai.com,Security,Incident Responder,True,2026-06-14 00:00:00,2023-01-25,False,nsuarez,"[""ENTERPRISEPACK""]",True,a1b2c3d4-e5f6-7890-abcd-ef1234567890
040a3aae-52e2-afd9-96bf-10ab3ce915e7,mike.moore@corp.nexusai.com,Mike Moore,Mike,Moore,mike.moore@corp.nexusai.com,Legal,Paralegal,True,2026-06-08 00:00:00,2020-09-02,False,mmoore,"[""ENTERPRISEPACK""]",True,a1b2c3d4-e5f6-7890-abcd-ef1234567890
97fa7f04-8363-9007-5cae-9610c72c1fe3,martha.warner@corp.nexusai.com,Martha Warner,Martha,Warner,martha.warner@corp.nexusai.com,Marketing,Demand Generation Manager,True,2026-06-10 00:00:00,2021-06-13,True,mwarner,"[""ENTERPRISEPACK""]",True,a1b2c3d4-e5f6-7890-abcd-ef1234567890
a8addf36-ddf2-75eb-e8a3-f341c8819065,cheryl.archer@corp.nexusai.com,Cheryl Archer,Cheryl,Archer,cheryl.archer@corp.nexusai.com,Operations,Supply Chain Analyst,True,2025-05-25 00:00:00,2025-02-08,True,,"[""ENTERPRISEPACK""]",True,a1b2c3d4-e5f6-7890-abcd-ef1234567890
e63658c9-12d0-498d-718d-4d05e8e22743,destiny.smith@nexusai.onmicrosoft.com,Destiny Smith,Destiny,Smith,destiny.smith@corp.nexusai.com,Finance,Accountant,True,2026-06-17 00:00:00,2024-06-16,True,,"[""ENTERPRISEPACK""]",True,a1b2c3d4-e5f6-7890-abcd-ef1234567890
b64fa54a-8c61-1654-95da-75c1a21150f9,lisa.evans@corp.nexusai.com,Lisa Evans,Lisa,Evans,lisa.evans@corp.nexusai.com,Security,IAM Engineer,True,2026-06-07 00:00:00,2020-11-16,True,levans,"[""ENTERPRISEPACK""]",True,a1b2c3d4-e5f6-7890-abcd-ef1234567890
cb08587d-1963-c26d-6e21-8b099afd4015,elizabeth.mcmillan@nexusai.onmicrosoft.com,Elizabeth Mcmillan,Elizabeth,Mcmillan,elizabeth.mcmillan@corp.nexusai.com,Executive,COO,True,2026-06-09 00:00:00,2024-12-29,True,emcmillan,"[""ENTERPRISEPACK""]",True,a1b2c3d4-e5f6-7890-abcd-ef1234567890
6e191042-370b-c063-dd90-e79eb888f6ed,dennis.wilson@corp.nexusai.com,Dennis Wilson,Dennis,Wilson,dennis.wilson@corp.nexusai.com,Sales,Sales Manager,True,2026-06-09 00:00:00,2022-11-09,False,dwilson,"[""ENTERPRISEPACK""]",True,a1b2c3d4-e5f6-7890-abcd-ef1234567890
175a81ec-112f-a612-7969-9ed2ec48bf55,joseph.jacobs@corp.nexusai.com,Joseph Jacobs,Joseph,Jacobs,joseph.jacobs@corp.nexusai.com,IT-Operations,Network Engineer,True,2026-06-13 00:00:00,2023-03-31,True,,"[""ENTERPRISEPACK""]",True,a1b2c3d4-e5f6-7890-abcd-ef1234567890
5f65c8ce-bd21-bc11-be9d-61ee18b87245,jennifer.harris@corp.nexusai.com,Jennifer Harris,Jennifer,Harris,jennifer.harris@corp.nexusai.com,Executive,SVP Finance,True,2026-06-19 00:00:00,2020-09-28,True,,"[""ENTERPRISEPACK""]",True,a1b2c3d4-e5f6-7890-abcd-ef1234567890
f0ede303-aa53-c19c-dfa4-bb9f5a856750,cynthia.baker@corp.nexusai.com,Cynthia Baker,Cynthia,Baker,cynthia.baker@corp.nexusai.com,HR,Talent Acquisition Specialist,True,2026-06-08 00:00:00,2025-03-21,True,cbaker,"[""ENTERPRISEPACK""]",True,a1b2c3d4-e5f6-7890-abcd-ef1234567890
1a85910d-5a05-7c11-4ffc-a6b199b479d4,tracy.whitehead@nexusai.onmicrosoft.com,Tracy Whitehead,Tracy,Whitehead,tracy.whitehead@corp.nexusai.com,Operations,Supply Chain Analyst,False,,2024-08-12,True,twhitehead,"[""ENTERPRISEPACK""]",False,a1b2c3d4-e5f6-7890-abcd-ef1234567890
8e676a01-d86a-6460-59a1-120e1bb43332,meghan.davis@nexusai.onmicrosoft.com,Meghan Davis,Meghan,Davis,meghan.davis@corp.nexusai.com,Operations,Operations Analyst,True,2026-06-17 00:00:00,2023-02-03,True,mdavis,"[""ENTERPRISEPACK""]",True,a1b2c3d4-e5f6-7890-abcd-ef1234567890
accb461a-9d13-2363-9f29-4a8bd1846c39,rodney.hill@corp.nexusai.com,Rodney Hill,Rodney,Hill,rodney.hill@corp.nexusai.com,Security,IAM Engineer,True,2026-06-20 00:00:00,2021-08-26,True,rhill,"[""ENTERPRISEPACK""]",True,a1b2c3d4-e5f6-7890-abcd-ef1234567890
b18753e6-d457-8ad9-a867-a096edd877c8,adam.wise@corp.nexusai.com,Adam Wise,Adam,Wise,adam.wise@corp.nexusai.com,Sales,Sales Manager,True,2026-06-08 00:00:00,2024-04-16,False,,"[""ENTERPRISEPACK""]",True,a1b2c3d4-e5f6-7890-abcd-ef1234567890
bdb025ff-2451-e5a4-11d0-59b26699cd99,joyce.arnold@corp.nexusai.com,Joyce Arnold,Joyce,Arnold,joyce.arnold@corp.nexusai.com,Finance,Accountant,True,2026-06-09 00:00:00,2023-01-12,True,jarnold,"[""ENTERPRISEPACK""]",False,a1b2c3d4-e5f6-7890-abcd-ef1234567890
530ac1c7-b8ba-8368-4fc7-77685ebbcca5,ronald.smith@nexusai.onmicrosoft.com,Ronald Smith,Ronald,Smith,ronald.smith@corp.nexusai.com,Sales,Sales Manager,True,2026-06-16 00:00:00,2021-08-07,False,rsmith,"[""ENTERPRISEPACK""]",False,a1b2c3d4-e5f6-7890-abcd-ef1234567890
0cbd3c03-9e2a-a4ac-c122-b5b3284c03d2,charles.ware@corp.nexusai.com,Charles Ware,Charles,Ware,charles.ware@corp.nexusai.com,Security,Threat Intelligence Analyst,True,2026-06-11 00:00:00,2021-10-12,False,cware,"[""ENTERPRISEPACK""]",True,a1b2c3d4-e5f6-7890-abcd-ef1234567890
372f871a-45ee-432d-6a07-f2137129cec7,rebecca.gardner@corp.nexusai.com,Rebecca Gardner,Rebecca,Gardner,rebecca.gardner@corp.nexusai.com,IT-Operations,Infrastructure Engineer,True,2026-06-20 00:00:00,2024-02-13,False,rgardner,"[""ENTERPRISEPACK""]",True,a1b2c3d4-e5f6-7890-abcd-ef1234567890
3873e57f-0ba0-78e8-4ef4-92c1aac93316,mary.aguilar@corp.nexusai.com,Mary Aguilar,Mary,Aguilar,mary.aguilar@corp.nexusai.com,Legal,Paralegal,True,2026-06-07 00:00:00,2023-11-27,True,,"[""ENTERPRISEPACK""]",True,a1b2c3d4-e5f6-7890-abcd-ef1234567890
f200c261-4d29-d1ab-3455-12f701f7c7ec,earl.anderson@corp.nexusai.com,Earl Anderson,Earl,Anderson,earl.anderson@corp.nexusai.com,Executive,CTO,True,2026-06-13 00:00:00,2020-10-16,True,eanderson,"[""ENTERPRISEPACK""]",True,a1b2c3d4-e5f6-7890-abcd-ef1234567890
6e3f683a-bf3c-5140-7f54-a51101fa964e,kyle.nolan@corp.nexusai.com,Kyle Nolan,Kyle,Nolan,kyle.nolan@corp.nexusai.com,Marketing,Demand Generation Manager,True,2026-06-07 00:00:00,2024-10-30,True,knolan,"[""ENTERPRISEPACK""]",True,a1b2c3d4-e5f6-7890-abcd-ef1234567890
bdf66ba5-dc9c-96de-65a6-74c212738a23,laura.valencia@nexusai.onmicrosoft.com,Laura Valencia,Laura,Valencia,laura.valencia@corp.nexusai.com,Finance,Controller,True,2026-06-18 00:00:00,2020-10-16,True,lvalencia,"[""ENTERPRISEPACK""]",True,a1b2c3d4-e5f6-7890-abcd-ef1234567890
4a1dab32-6aed-fdc7-a3e0-5309b5a1b949,rachel.clark@corp.nexusai.com,Rachel Clark,Rachel,Clark,rachel.clark@corp.nexusai.com,Sales,Enterprise Account Executive,True,2026-06-20 00:00:00,2024-10-08,True,rclark,"[""ENTERPRISEPACK""]",True,a1b2c3d4-e5f6-7890-abcd-ef1234567890
6fcc57dd-168f-ae12-5ca2-60c9eb7607c9,john.garcia@corp.nexusai.com,John Garcia,John,Garcia,john.garcia@corp.nexusai.com,Security,Incident Responder,True,2026-06-15 00:00:00,2021-11-19,False,jgarcia,"[""ENTERPRISEPACK""]",True,a1b2c3d4-e5f6-7890-abcd-ef1234567890
beed10b6-4f6e-274b-deda-b0276550f74a,kimberly.henson@corp.nexusai.com,Kimberly Henson,Kimberly,Henson,kimberly.henson@corp.nexusai.com,Executive,CISO,True,2026-06-17 00:00:00,2024-02-12,False,khenson,"[""ENTERPRISEPACK""]",True,a1b2c3d4-e5f6-7890-abcd-ef1234567890
31a3ac4d-828c-37e7-87d5-b7be1d30d990,richard.oliver@nexusai.onmicrosoft.com,Richard Oliver,Richard,Oliver,richard.oliver@corp.nexusai.com,IT-Operations,IT Manager,True,2026-06-19 00:00:00,2024-11-10,True,,"[""ENTERPRISEPACK""]",True,a1b2c3d4-e5f6-7890-abcd-ef1234567890
1a5165ca-3c7c-1d85-25cf-0041d0a643fe,eric.spears@corp.nexusai.com,Eric Spears,Eric,Spears,eric.spears@corp.nexusai.com,Operations,Operations Analyst,True,2026-06-07 00:00:00,2022-10-01,True,espears,"[""ENTERPRISEPACK""]",True,a1b2c3d4-e5f6-7890-abcd-ef1234567890
9458054e-c287-4f06-9050-f7efc1235c91,michelle.cherry@corp.nexusai.com,Michelle Cherry,Michelle,Cherry,michelle.cherry@corp.nexusai.com,Engineering,Engineering Manager,True,2026-02-06 00:00:00,2021-05-06,True,mcherry,"[""ENTERPRISEPACK""]",True,a1b2c3d4-e5f6-7890-abcd-ef1234567890
e1cde87f-ec95-5f87-ae5e-c36572eb7474,lisa.keith@nexusai.onmicrosoft.com,Lisa Keith,Lisa,Keith,lisa.keith@corp.nexusai.com,HR,Compensation Analyst,True,2026-06-09 00:00:00,2023-11-23,True,lkeith,"[""ENTERPRISEPACK""]",True,a1b2c3d4-e5f6-7890-abcd-ef1234567890
97674900-4651-0367-cbdc-43184d85a3d2,angel.doyle@corp.nexusai.com,Angel Doyle,Angel,Doyle,angel.doyle@corp.nexusai.com,Engineering,Principal Engineer,True,2026-06-07 00:00:00,2020-11-17,True,adoyle,"[""ENTERPRISEPACK""]",True,a1b2c3d4-e5f6-7890-abcd-ef1234567890
497de16d-d4ea-120a-5e65-96540e9058b6,martin.galvan@corp.nexusai.com,Martin Galvan,Martin,Galvan,martin.galvan@corp.nexusai.com,Sales,Sales Manager,True,2026-06-08 00:00:00,2023-07-08,True,mgalvan,"[""ENTERPRISEPACK""]",True,a1b2c3d4-e5f6-7890-abcd-ef1234567890
bd29ede9-cab4-923b-f448-83858de7ad6c,leah.shields@corp.nexusai.com,Leah Shields,Leah,Shields,leah.shields@corp.nexusai.com,Engineering,QA Engineer,True,2026-06-15 00:00:00,2024-01-19,False,,"[""ENTERPRISEPACK""]",True,a1b2c3d4-e5f6-7890-abcd-ef1234567890
73557b9d-0fd6-f47e-f52d-4af2269ed4c9,lisa.adams@corp.nexusai.com,Lisa Adams,Lisa,Adams,lisa.adams@corp.nexusai.com,IT-Operations,IT Support Specialist,True,2026-06-07 00:00:00,2022-02-22,True,ladams,"[""ENTERPRISEPACK""]",False,a1b2c3d4-e5f6-7890-abcd-ef1234567890
fdb1429e-7010-ed13-b526-b22d3f6c21f7,kristin.rodriguez@nexusai.onmicrosoft.com,Kristin Rodriguez,Kristin,Rodriguez,kristin.rodriguez@corp.nexusai.com,Engineering,DevOps Engineer,False,,2022-03-22,False,krodriguez,"[""ENTERPRISEPACK""]",True,a1b2c3d4-e5f6-7890-abcd-ef1234567890
0d67d38e-990f-0c5b-adcc-3daf569f3ab3,monica.garrison@corp.nexusai.com,Monica Garrison,Monica,Garrison,monica.garrison@corp.nexusai.com,Engineering,DevOps Engineer,True,2026-06-14 00:00:00,2021-02-26,False,,"[""ENTERPRISEPACK""]",True,a1b2c3d4-e5f6-7890-abcd-ef1234567890
a9e27ba9-952e-6abb-14dd-5061555736f8,steven.torres@corp.nexusai.com,Steven Torres,Steven,Torres,steven.torres@corp.nexusai.com,Sales,Regional Sales Director,True,2026-06-09 00:00:00,2025-05-25,True,storres,"[""ENTERPRISEPACK""]",True,a1b2c3d4-e5f6-7890-abcd-ef1234567890
54170a17-caaa-5bbe-a4bb-f962606e0e1c,laura.perez@corp.nexusai.com,Laura Perez,Laura,Perez,laura.perez@corp.nexusai.com,HR,Talent Acquisition Specialist,True,2026-06-16 00:00:00,2025-04-16,True,lperez,"[""ENTERPRISEPACK""]",True,a1b2c3d4-e5f6-7890-abcd-ef1234567890
17ec889c-86c1-b6cb-e996-30f7af77520e,andrew.lee@corp.nexusai.com,Andrew Lee,Andrew,Lee,andrew.lee@corp.nexusai.com,Engineering,Senior Software Engineer,True,2026-06-18 00:00:00,2021-05-16,True,alee,"[""ENTERPRISEPACK""]",False,a1b2c3d4-e5f6-7890-abcd-ef1234567890
577bc55a-36d5-5494-f37f-d50d2e25b5ee,mark.lin@nexusai.onmicrosoft.com,Mark Lin,Mark,Lin,mark.lin@corp.nexusai.com,Executive,SVP Finance,True,2026-06-19 00:00:00,2024-04-11,True,mlin,"[""ENTERPRISEPACK""]",True,a1b2c3d4-e5f6-7890-abcd-ef1234567890
8a2e6a93-c558-0bb2-81f7-f3fb19e45c6a,tammy.ramirez@nexusai.onmicrosoft.com,Tammy Ramirez,Tammy,Ramirez,tammy.ramirez@corp.nexusai.com,IT-Operations,Systems Administrator,True,2026-06-13 00:00:00,2022-02-15,True,tramirez,"[""ENTERPRISEPACK""]",True,a1b2c3d4-e5f6-7890-abcd-ef1234567890
2e4bebc4-2989-0880-277d-1be96070b6a1,darlene.ross@corp.nexusai.com,Darlene Ross,Darlene,Ross,darlene.ross@corp.nexusai.com,Executive,VP Sales,True,2026-06-14 00:00:00,2021-08-11,False,,"[""ENTERPRISEPACK""]",True,a1b2c3d4-e5f6-7890-abcd-ef1234567890
5d42b9e9-692e-07b6-0b2f-6d5c700b5d5f,tina.herrera@corp.nexusai.com,Tina Herrera,Tina,Herrera,tina.herrera@corp.nexusai.com,Security,Threat Intelligence Analyst,True,2026-06-11 00:00:00,2023-03-29,True,,"[""ENTERPRISEPACK""]",False,a1b2c3d4-e5f6-7890-abcd-ef1234567890
3be79df4-72ec-f16e-c8a7-23e9bfa016c2,sheila.wilson@corp.nexusai.com,Sheila Wilson,Sheila,Wilson,sheila.wilson@corp.nexusai.com,Marketing,Content Strategist,True,2026-06-09 00:00:00,2024-11-05,False,,"[""ENTERPRISEPACK""]",True,a1b2c3d4-e5f6-7890-abcd-ef1234567890
6b2d5b09-8707-9ad4-80be-7e3561c2645a,sydney.baker@corp.nexusai.com,Sydney Baker,Sydney,Baker,sydney.baker@corp.nexusai.com,Engineering,Data Engineer,True,2026-06-12 00:00:00,2024-09-10,False,sbaker,"[""ENTERPRISEPACK""]",True,a1b2c3d4-e5f6-7890-abcd-ef1234567890
7b07fd31-a424-4f23-0d5b-a7cd400035f0,daniel.hamilton@nexusai.onmicrosoft.com,Daniel Hamilton,Daniel,Hamilton,daniel.hamilton@corp.nexusai.com,Sales,Account Executive,False,,2025-05-23,False,,"[""ENTERPRISEPACK""]",True,a1b2c3d4-e5f6-7890-abcd-ef1234567890
6a36af18-06d3-db93-ee33-688d597e6845,catherine.dixon@corp.nexusai.com,Catherine Dixon,Catherine,Dixon,catherine.dixon@corp.nexusai.com,Security,IAM Engineer,True,2026-06-10 00:00:00,2025-02-12,True,cdixon,"[""ENTERPRISEPACK""]",True,a1b2c3d4-e5f6-7890-abcd-ef1234567890
14e4180c-fe99-36a3-62db-c8503c5bf3a7,paul.ray@corp.nexusai.com,Paul Ray,Paul,Ray,paul.ray@corp.nexusai.com,Engineering,Software Engineer,True,2026-06-17 00:00:00,2021-01-19,True,pray,"[""ENTERPRISEPACK""]",True,a1b2c3d4-e5f6-7890-abcd-ef1234567890
25637cc3-ca97-ebf5-55d5-96afa663d2cd,jonathan.fletcher@corp.nexusai.com,Jonathan Fletcher,Jonathan,Fletcher,jonathan.fletcher@corp.nexusai.com,Sales,Sales Manager,True,2026-06-18 00:00:00,2023-08-13,True,jfletcher,"[""ENTERPRISEPACK""]",True,a1b2c3d4-e5f6-7890-abcd-ef1234567890
e7e646c7-0158-2463-9d87-76a072d78bdd,aaron.frost@corp.nexusai.com,Aaron Frost,Aaron,Frost,aaron.frost@corp.nexusai.com,Sales,Account Executive,True,2026-06-10 00:00:00,2020-07-28,True,afrost,"[""ENTERPRISEPACK""]",False,a1b2c3d4-e5f6-7890-abcd-ef1234567890
6c5a6c93-871c-0884-9bdf-90f2ba2c0f19,amanda.ball@nexusai.onmicrosoft.com,Amanda Ball,Amanda,Ball,amanda.ball@corp.nexusai.com,Marketing,Marketing Manager,True,2026-06-16 00:00:00,2024-03-13,True,aball,"[""ENTERPRISEPACK""]",True,a1b2c3d4-e5f6-7890-abcd-ef1234567890
d6312a80-1c61-2ec2-1014-2131750565f5,judy.lambert@nexusai.onmicrosoft.com,Judy Lambert,Judy,Lambert,judy.lambert@corp.nexusai.com,IT-Operations,IT Manager,True,2026-06-13 00:00:00,2024-09-29,True,jlambert,"[""ENTERPRISEPACK""]",True,a1b2c3d4-e5f6-7890-abcd-ef1234567890
5a5226e6-9d64-2932-0066-853d6de299a1,michael.jones@nexusai.onmicrosoft.com,Michael Jones,Michael,Jones,michael.jones@corp.nexusai.com,Executive,COO,True,2026-06-11 00:00:00,2023-05-19,True,mjones,"[""ENTERPRISEPACK""]",True,a1b2c3d4-e5f6-7890-abcd-ef1234567890
0534a101-8ddc-e719-81f3-8dd4fd034ada,elizabeth.rivera@corp.nexusai.com,Elizabeth Rivera,Elizabeth,Rivera,elizabeth.rivera@corp.nexusai.com,Operations,Supply Chain Analyst,True,2026-06-09 00:00:00,2022-03-24,True,,"[""ENTERPRISEPACK""]",True,a1b2c3d4-e5f6-7890-abcd-ef1234567890
5b6a8102-0428-7378-bf50-23f440ef3935,lee.charles@corp.nexusai.com,Lee Charles,Lee,Charles,lee.charles@corp.nexusai.com,Executive,CTO,True,2025-11-12 00:00:00,2023-03-01,True,lcharles,"[""ENTERPRISEPACK""]",True,a1b2c3d4-e5f6-7890-abcd-ef1234567890
a48e40f1-d042-1dfa-56ab-087a8bc78e81,jennifer.evans@nexusai.onmicrosoft.com,Jennifer Evans,Jennifer,Evans,jennifer.evans@corp.nexusai.com,Security,Security Engineer,False,,2023-02-06,True,jevans,"[""ENTERPRISEPACK""]",True,a1b2c3d4-e5f6-7890-abcd-ef1234567890
2285b2ef-cfbe-4fe9-2ea9-c542a1b970d0,kyle.ortiz@corp.nexusai.com,Kyle Ortiz,Kyle,Ortiz,kyle.ortiz@corp.nexusai.com,Finance,Treasury Analyst,True,2026-06-08 00:00:00,2020-09-25,True,kortiz,"[""ENTERPRISEPACK""]",True,a1b2c3d4-e5f6-7890-abcd-ef1234567890
d0be73ee-fd37-2539-65f2-02f983f02dc7,richard.phillips@corp.nexusai.com,Richard Phillips,Richard,Phillips,richard.phillips@corp.nexusai.com,Engineering,Principal Engineer,True,2026-06-20 00:00:00,2023-05-02,True,rphillips,"[""ENTERPRISEPACK""]",True,a1b2c3d4-e5f6-7890-abcd-ef1234567890
45f18619-54f9-0429-a7de-02ccdda4f4a7,david.fisher@nexusai.onmicrosoft.com,David Fisher,David,Fisher,david.fisher@corp.nexusai.com,Security,Security Engineer,False,,2020-08-13,False,dfisher,"[""ENTERPRISEPACK""]",True,a1b2c3d4-e5f6-7890-abcd-ef1234567890
b12b6680-7f07-2cb9-2fd3-40c0f945f2fd,shelby.byrd@corp.nexusai.com,Shelby Byrd,Shelby,Byrd,shelby.byrd@corp.nexusai.com,Finance,Finance Manager,False,,2024-05-19,True,sbyrd,"[""ENTERPRISEPACK""]",True,a1b2c3d4-e5f6-7890-abcd-ef1234567890
2e326567-d284-f54e-febe-c0db9a3a6103,raven.gilbert@corp.nexusai.com,Raven Gilbert,Raven,Gilbert,raven.gilbert@corp.nexusai.com,Operations,Supply Chain Analyst,False,,2020-11-14,True,,"[""ENTERPRISEPACK""]",True,a1b2c3d4-e5f6-7890-abcd-ef1234567890
ba108217-0ad7-c9a2-7277-16ec59fefbbc,kevin.kelley@corp.nexusai.com,Kevin Kelley,Kevin,Kelley,kevin.kelley@corp.nexusai.com,HR,HR Manager,False,,2023-02-06,False,kkelley,"[""ENTERPRISEPACK""]",True,a1b2c3d4-e5f6-7890-abcd-ef1234567890
67fd64c4-a334-058a-abd2-b5121335e5db,aaron.mitchell@nexusai.onmicrosoft.com,Aaron Mitchell,Aaron,Mitchell,aaron.mitchell@corp.nexusai.com,HR,HR Specialist,True,2026-06-07 00:00:00,2023-09-19,True,amitchell,"[""ENTERPRISEPACK""]",True,a1b2c3d4-e5f6-7890-abcd-ef1234567890
a52964ff-c74c-c890-3c6a-3174113634a5,russell.carpenter@corp.nexusai.com,Russell Carpenter,Russell,Carpenter,russell.carpenter@corp.nexusai.com,Operations,Supply Chain Analyst,True,2026-06-12 00:00:00,2022-03-26,True,rcarpenter,"[""ENTERPRISEPACK""]",True,a1b2c3d4-e5f6-7890-abcd-ef1234567890
5df06e8c-878a-aed9-233f-fc8292ec89af,diana.marshall@corp.nexusai.com,Diana Marshall,Diana,Marshall,diana.marshall@corp.nexusai.com,Security,IAM Engineer,True,2026-06-10 00:00:00,2024-03-28,True,dmarshall,"[""ENTERPRISEPACK""]",True,a1b2c3d4-e5f6-7890-abcd-ef1234567890
848af440-7fc1-5858-2fa0-d842bc55300b,scott.lewis@corp.nexusai.com,Scott Lewis,Scott,Lewis,scott.lewis@corp.nexusai.com,Legal,Paralegal,True,2026-06-07 00:00:00,2023-04-25,True,slewis,"[""ENTERPRISEPACK""]",True,a1b2c3d4-e5f6-7890-abcd-ef1234567890
22bf18f5-1f65-2a87-333e-e3447dbf4bc1,thomas.santana@corp.nexusai.com,Thomas Santana,Thomas,Santana,thomas.santana@corp.nexusai.com,Security,IAM Engineer,True,2026-06-14 00:00:00,2020-08-30,True,,"[""ENTERPRISEPACK""]",False,a1b2c3d4-e5f6-7890-abcd-ef1234567890
f7b217c7-ae92-ea71-cf7d-cb431679742f,laura.jackson@nexusai.onmicrosoft.com,Laura Jackson,Laura,Jackson,laura.jackson@corp.nexusai.com,IT-Operations,Infrastructure Engineer,False,,2021-01-15,True,ljackson,"[""ENTERPRISEPACK""]",False,a1b2c3d4-e5f6-7890-abcd-ef1234567890
4cc9f5f2-e42e-5037-4a55-2ea08acbbe09,christopher.robertson@corp.nexusai.com,Christopher Robertson,Christopher,Robertson,christopher.robertson@corp.nexusai.com,Executive,SVP Finance,True,2026-06-19 00:00:00,2021-10-21,False,crobertson,"[""ENTERPRISEPACK""]",True,a1b2c3d4-e5f6-7890-abcd-ef1234567890
3967e60a-823d-d107-5c8a-c066cb2fafa3,cynthia.rogers@corp.nexusai.com,Cynthia Rogers,Cynthia,Rogers,cynthia.rogers@corp.nexusai.com,HR,Talent Acquisition Specialist,True,2026-06-11 00:00:00,2023-11-25,True,crogers,"[""ENTERPRISEPACK""]",True,a1b2c3d4-e5f6-7890-abcd-ef1234567890
fba6abf7-cdbc-c653-77a7-e8b75e70f65f,loretta.potter@corp.nexusai.com,Loretta Potter,Loretta,Potter,loretta.potter@corp.nexusai.com,IT-Operations,Network Engineer,True,2026-06-14 00:00:00,2025-04-05,True,,"[""ENTERPRISEPACK""]",False,a1b2c3d4-e5f6-7890-abcd-ef1234567890
68d0a2a8-c4e7-f7dd-6929-de738693fd9d,emily.walker@corp.nexusai.com,Emily Walker,Emily,Walker,emily.walker@corp.nexusai.com,Engineering,Software Engineer,True,2026-06-12 00:00:00,2021-04-06,True,,"[""ENTERPRISEPACK""]",True,a1b2c3d4-e5f6-7890-abcd-ef1234567890
de431e06-e924-7069-80bb-ae526ec01269,john.alvarez@corp.nexusai.com,John Alvarez,John,Alvarez,john.alvarez@corp.nexusai.com,Marketing,Marketing Analyst,True,2026-06-17 00:00:00,2023-11-26,True,jalvarez,"[""ENTERPRISEPACK""]",True,a1b2c3d4-e5f6-7890-abcd-ef1234567890
39b86bb2-b596-ca7c-ef4a-fa885299e505,melissa.jones@corp.nexusai.com,Melissa Jones,Melissa,Jones,melissa.jones@corp.nexusai.com,Sales,Regional Sales Director,True,2026-06-19 00:00:00,2023-04-16,False,mjones,"[""ENTERPRISEPACK""]",True,a1b2c3d4-e5f6-7890-abcd-ef1234567890
a0017720-200b-2903-4642-6c458d03f17a,robert.soto@corp.nexusai.com,Robert Soto,Robert,Soto,robert.soto@corp.nexusai.com,Sales,Regional Sales Director,False,,2023-08-11,True,rsoto,"[""ENTERPRISEPACK""]",True,a1b2c3d4-e5f6-7890-abcd-ef1234567890
ec86a890-d7b0-0bdc-566e-3cbe9aea622f,james.horton@corp.nexusai.com,James Horton,James,Horton,james.horton@corp.nexusai.com,Finance,Senior Financial Analyst,True,2026-06-11 00:00:00,2022-02-17,True,jhorton,"[""ENTERPRISEPACK""]",True,a1b2c3d4-e5f6-7890-abcd-ef1234567890
43c07d43-93a7-4792-c561-b8dca4364fcd,troy.sanchez@corp.nexusai.com,Troy Sanchez,Troy,Sanchez,troy.sanchez@corp.nexusai.com,Operations,Process Engineer,True,2026-06-14 00:00:00,2020-09-05,True,,"[""ENTERPRISEPACK""]",True,a1b2c3d4-e5f6-7890-abcd-ef1234567890
4d560a3d-f4e7-069a-a454-09374a27ebf2,diana.smith@nexusai.onmicrosoft.com,Diana Smith,Diana,Smith,diana.smith@corp.nexusai.com,Executive,CISO,True,2026-06-10 00:00:00,2023-05-08,True,dsmith,"[""ENTERPRISEPACK""]",True,a1b2c3d4-e5f6-7890-abcd-ef1234567890
76e5ae78-7bf7-e1d3-6a66-2fce7089fc6d,karen.carrillo@nexusai.onmicrosoft.com,Karen Carrillo,Karen,Carrillo,karen.carrillo@corp.nexusai.com,Sales,Enterprise Account Executive,True,2025-10-22 00:00:00,2021-12-11,True,kcarrillo,"[""ENTERPRISEPACK""]",True,a1b2c3d4-e5f6-7890-abcd-ef1234567890
c2baf0e0-2179-e3f0-6612-4ab4f9b21e6e,daniel.coleman@corp.nexusai.com,Daniel Coleman,Daniel,Coleman,daniel.coleman@corp.nexusai.com,Legal,Contract Specialist,True,2026-06-08 00:00:00,2023-10-21,False,,"[""ENTERPRISEPACK""]",True,a1b2c3d4-e5f6-7890-abcd-ef1234567890
f204be89-4a4b-5563-0cf4-77ef18c8a616,gregory.rubio@nexusai.onmicrosoft.com,Gregory Rubio,Gregory,Rubio,gregory.rubio@corp.nexusai.com,Security,Senior Security Analyst,True,2026-06-07 00:00:00,2022-11-05,True,grubio,"[""ENTERPRISEPACK""]",True,a1b2c3d4-e5f6-7890-abcd-ef1234567890
ef0a573d-53d2-d56d-d040-158728e213bc,april.williams@corp.nexusai.com,April Williams,April,Williams,april.williams@corp.nexusai.com,Finance,Accountant,True,2026-06-10 00:00:00,2023-05-20,True,awilliams,"[""ENTERPRISEPACK""]",True,a1b2c3d4-e5f6-7890-abcd-ef1234567890
fef7d9ea-7f8e-5483-28ca-aa1dc35bec2c,john.charles@corp.nexusai.com,John Charles,John,Charles,john.charles@corp.nexusai.com,Executive,VP Sales,True,2026-06-12 00:00:00,2022-09-10,True,jcharles,"[""ENTERPRISEPACK""]",True,a1b2c3d4-e5f6-7890-abcd-ef1234567890
750d112e-8164-ceec-64ab-851bf1fac6e7,stephen.solis@nexusai.onmicrosoft.com,Stephen Solis,Stephen,Solis,stephen.solis@corp.nexusai.com,IT-Operations,Infrastructure Engineer,True,2026-06-18 00:00:00,2022-03-21,True,,"[""ENTERPRISEPACK""]",True,a1b2c3d4-e5f6-7890-abcd-ef1234567890
4926ce5f-7878-6140-ac2a-4f71a77d95f1,elizabeth.travis@nexusai.onmicrosoft.com,Elizabeth Travis,Elizabeth,Travis,elizabeth.travis@corp.nexusai.com,Operations,Operations Manager,True,2026-06-18 00:00:00,2023-07-05,True,etravis,"[""ENTERPRISEPACK""]",True,a1b2c3d4-e5f6-7890-abcd-ef1234567890
673ba8bd-c38c-1dec-5da3-9a73ba3df7ff,caitlin.dodson@nexusai.onmicrosoft.com,Caitlin Dodson,Caitlin,Dodson,caitlin.dodson@corp.nexusai.com,Engineering,Data Engineer,False,,2025-04-06,True,cdodson,"[""ENTERPRISEPACK""]",True,a1b2c3d4-e5f6-7890-abcd-ef1234567890
62e7c1a6-12d2-fa06-49e1-cd138da00495,patricia.salazar@corp.nexusai.com,Patricia Salazar,Patricia,Salazar,patricia.salazar@corp.nexusai.com,Marketing,Marketing Manager,True,2026-06-16 00:00:00,2024-09-19,False,psalazar,"[""ENTERPRISEPACK""]",True,a1b2c3d4-e5f6-7890-abcd-ef1234567890
9f8cc29f-fd35-0c5f-d347-9a3b479bc637,jennifer.wagner@nexusai.onmicrosoft.com,Jennifer Wagner,Jennifer,Wagner,jennifer.wagner@corp.nexusai.com,Finance,Senior Financial Analyst,False,,2020-10-08,False,jwagner,"[""ENTERPRISEPACK""]",True,a1b2c3d4-e5f6-7890-abcd-ef1234567890
24eeb4a6-c145-65c7-5d98-6115f05eeefe,maria.kelley@corp.nexusai.com,Maria Kelley,Maria,Kelley,maria.kelley@corp.nexusai.com,Security,Senior Security Analyst,True,2026-06-20 00:00:00,2024-01-04,True,mkelley,"[""ENTERPRISEPACK""]",True,a1b2c3d4-e5f6-7890-abcd-ef1234567890
23c8afdb-83f8-2f16-e4a4-474c9b33e3a4,phyllis.manning@corp.nexusai.com,Phyllis Manning,Phyllis,Manning,phyllis.manning@corp.nexusai.com,Marketing,Brand Specialist,True,2026-06-17 00:00:00,2021-11-09,False,pmanning,"[""ENTERPRISEPACK""]",True,a1b2c3d4-e5f6-7890-abcd-ef1234567890
827c9f8c-d40a-c5e9-81df-6517561c9210,thomas.green@corp.nexusai.com,Thomas Green,Thomas,Green,thomas.green@corp.nexusai.com,Engineering,Software Engineer,True,2026-06-07 00:00:00,2024-04-02,True,tgreen,"[""ENTERPRISEPACK""]",True,a1b2c3d4-e5f6-7890-abcd-ef1234567890
4ec3f970-956d-80e4-6aa2-6216fada98f5,john.walsh@corp.nexusai.com,John Walsh,John,Walsh,john.walsh@corp.nexusai.com,IT-Operations,Cloud Engineer,True,2026-06-11 00:00:00,2022-09-09,False,jwalsh,"[""ENTERPRISEPACK""]",False,a1b2c3d4-e5f6-7890-abcd-ef1234567890
98cf1188-06d2-5913-a117-3719b023a0ea,katie.boyd@corp.nexusai.com,Katie Boyd,Katie,Boyd,katie.boyd@corp.nexusai.com,Marketing,Demand Generation Manager,True,2026-06-10 00:00:00,2021-08-28,True,kboyd,"[""ENTERPRISEPACK""]",True,a1b2c3d4-e5f6-7890-abcd-ef1234567890
d25864f2-25d4-a0fc-6154-2765d756ba9c,chris.mitchell@nexusai.onmicrosoft.com,Chris Mitchell,Chris,Mitchell,chris.mitchell@corp.nexusai.com,IT-Operations,Network Engineer,True,2026-06-14 00:00:00,2021-04-01,True,,"[""ENTERPRISEPACK""]",True,a1b2c3d4-e5f6-7890-abcd-ef1234567890
6b352f85-504e-2687-70e7-e75604d9145e,joseph.flores@corp.nexusai.com,Joseph Flores,Joseph,Flores,joseph.flores@corp.nexusai.com,Marketing,Marketing Manager,True,2026-06-16 00:00:00,2022-01-10,True,jflores,"[""ENTERPRISEPACK""]",True,a1b2c3d4-e5f6-7890-abcd-ef1234567890
d92f3c1e-df70-fb2a-78bb-22a5eba742d2,amber.taylor@corp.nexusai.com,Amber Taylor,Amber,Taylor,amber.taylor@corp.nexusai.com,Legal,Paralegal,True,2026-06-15 00:00:00,2020-12-04,True,ataylor,"[""ENTERPRISEPACK""]",True,a1b2c3d4-e5f6-7890-abcd-ef1234567890
8f964685-3514-5890-84c8-6c4623595fa4,jasmine.brown@corp.nexusai.com,Jasmine Brown,Jasmine,Brown,jasmine.brown@corp.nexusai.com,Operations,Operations Manager,False,,2022-10-25,True,,"[""ENTERPRISEPACK""]",True,a1b2c3d4-e5f6-7890-abcd-ef1234567890
887b03e5-e980-f808-75ac-824c2c55aef7,rick.daniels@corp.nexusai.com,Rick Daniels,Rick,Daniels,rick.daniels@corp.nexusai.com,Finance,Financial Analyst,True,2026-06-12 00:00:00,2020-06-25,False,rdaniels,"[""ENTERPRISEPACK""]",True,a1b2c3d4-e5f6-7890-abcd-ef1234567890
4c6a70f4-8ede-c44d-476c-f68c3f1be0d0,robert.clark@corp.nexusai.com,Robert Clark,Robert,Clark,robert.clark@corp.nexusai.com,Security,IAM Engineer,True,2026-06-19 00:00:00,2024-08-01,False,rclark,"[""ENTERPRISEPACK""]",False,a1b2c3d4-e5f6-7890-abcd-ef1234567890
8f7c1d59-594b-2a3a-7ad4-65a15129950d,robert.stein@corp.nexusai.com,Robert Stein,Robert,Stein,robert.stein@corp.nexusai.com,Legal,Senior Legal Counsel,True,2026-06-17 00:00:00,2024-03-05,True,,"[""ENTERPRISEPACK""]",True,a1b2c3d4-e5f6-7890-abcd-ef1234567890
ec8be537-58ab-4778-143b-45e3b6d1f6bb,melissa.cannon@corp.nexusai.com,Melissa Cannon,Melissa,Cannon,melissa.cannon@corp.nexusai.com,Legal,Legal Counsel,True,2026-06-20 00:00:00,2022-08-22,False,mcannon,"[""ENTERPRISEPACK""]",False,a1b2c3d4-e5f6-7890-abcd-ef1234567890
1bf645f6-2324-5211-4588-fc1bb2384849,omar.smith@nexusai.onmicrosoft.com,Omar Smith,Omar,Smith,omar.smith@corp.nexusai.com,Marketing,Content Strategist,True,2026-06-15 00:00:00,2021-12-15,True,osmith,"[""ENTERPRISEPACK""]",True,a1b2c3d4-e5f6-7890-abcd-ef1234567890
548e1f6b-69ce-1e4e-19a6-92c90d700ea4,michael.molina@corp.nexusai.com,Michael Molina,Michael,Molina,michael.molina@corp.nexusai.com,Security,Threat Intelligence Analyst,True,2026-06-18 00:00:00,2021-06-16,False,mmolina,"[""ENTERPRISEPACK""]",True,a1b2c3d4-e5f6-7890-abcd-ef1234567890
a689b424-7a3a-10e1-79c7-73a0e0decc3d,robert.adkins@corp.nexusai.com,Robert Adkins,Robert,Adkins,robert.adkins@corp.nexusai.com,Executive,COO,False,,2024-01-18,True,radkins,"[""ENTERPRISEPACK""]",True,a1b2c3d4-e5f6-7890-abcd-ef1234567890
a6fd0cb1-16e6-e5c0-c4cb-294fe86e8e63,amy.morrison@corp.nexusai.com,Amy Morrison,Amy,Morrison,amy.morrison@corp.nexusai.com,Security,Threat Intelligence Analyst,True,2025-07-08 00:00:00,2021-02-20,True,amorrison,"[""ENTERPRISEPACK""]",True,a1b2c3d4-e5f6-7890-abcd-ef1234567890
6afa828c-2cd1-0b9f-ebe5-841fe9c96c52,jeffrey.robinson@corp.nexusai.com,Jeffrey Robinson,Jeffrey,Robinson,jeffrey.robinson@corp.nexusai.com,Finance,Controller,True,2026-06-11 00:00:00,2021-06-05,False,,"[""ENTERPRISEPACK""]",False,a1b2c3d4-e5f6-7890-abcd-ef1234567890
2fb21e66-7ed1-7aab-c9b7-c9bc65a16fa9,ryan.johnson@nexusai.onmicrosoft.com,Ryan Johnson,Ryan,Johnson,ryan.johnson@corp.nexusai.com,Security,IAM Engineer,True,2026-06-18 00:00:00,2022-03-15,True,,"[""ENTERPRISEPACK""]",True,a1b2c3d4-e5f6-7890-abcd-ef1234567890
55c551fc-fba5-7cc8-edaf-37661b780ede,matthew.shelton@corp.nexusai.com,Matthew Shelton,Matthew,Shelton,matthew.shelton@corp.nexusai.com,Executive,CEO,True,2025-09-02 00:00:00,2024-09-12,False,mshelton,"[""ENTERPRISEPACK""]",True,a1b2c3d4-e5f6-7890-abcd-ef1234567890
e3a68a70-7e71-0b55-8639-bd418b15bd94,richard.martin@corp.nexusai.com,Richard Martin,Richard,Martin,richard.martin@corp.nexusai.com,IT-Operations,Infrastructure Engineer,True,2026-06-14 00:00:00,2021-09-21,True,rmartin,"[""ENTERPRISEPACK""]",True,a1b2c3d4-e5f6-7890-abcd-ef1234567890
bb2aa146-2999-394c-54a7-b69b1cd66b09,tanner.anderson@corp.nexusai.com,Tanner Anderson,Tanner,Anderson,tanner.anderson@corp.nexusai.com,Legal,Legal Counsel,True,2026-06-09 00:00:00,2023-12-25,False,,"[""ENTERPRISEPACK""]",True,a1b2c3d4-e5f6-7890-abcd-ef1234567890
9c678393-2ced-3c0d-3173-04b5c1dd484a,cindy.johnson@corp.nexusai.com,Cindy Johnson,Cindy,Johnson,cindy.johnson@corp.nexusai.com,Operations,Supply Chain Analyst,True,2026-06-12 00:00:00,2023-01-09,False,cjohnson,"[""ENTERPRISEPACK""]",True,a1b2c3d4-e5f6-7890-abcd-ef1234567890
186b2880-ab54-5a15-669d-01ff1634725b,phillip.elliott@corp.nexusai.com,Phillip Elliott,Phillip,Elliott,phillip.elliott@corp.nexusai.com,Executive,SVP Finance,False,,2023-11-05,True,,"[""ENTERPRISEPACK""]",True,a1b2c3d4-e5f6-7890-abcd-ef1234567890
546252e7-f43b-a052-4459-bd6ec0f63229,anthony.day@corp.nexusai.com,Anthony Day,Anthony,Day,anthony.day@corp.nexusai.com,HR,HR Manager,True,2026-06-16 00:00:00,2021-07-03,True,aday,"[""ENTERPRISEPACK""]",True,a1b2c3d4-e5f6-7890-abcd-ef1234567890
aaf407f7-0fe7-6149-3c7e-5368b1594847,derek.murray@corp.nexusai.com,Derek Murray,Derek,Murray,derek.murray@corp.nexusai.com,Engineering,Senior Software Engineer,True,2026-06-14 00:00:00,2022-10-08,True,dmurray,"[""ENTERPRISEPACK""]",True,a1b2c3d4-e5f6-7890-abcd-ef1234567890
c5144d98-b41c-504f-e346-f415e5267a2b,brent.gray@nexusai.onmicrosoft.com,Brent Gray,Brent,Gray,brent.gray@corp.nexusai.com,HR,Compensation Analyst,True,2026-06-14 00:00:00,2021-05-11,True,bgray,"[""ENTERPRISEPACK""]",True,a1b2c3d4-e5f6-7890-abcd-ef1234567890
f5159494-3818-cfd3-3889-936a9d5817e8,jason.murphy@nexusai.onmicrosoft.com,Jason Murphy,Jason,Murphy,jason.murphy@corp.nexusai.com,Engineering,Software Engineer,True,2026-06-20 00:00:00,2020-09-15,True,jmurphy,"[""ENTERPRISEPACK""]",True,a1b2c3d4-e5f6-7890-abcd-ef1234567890
cd4f8b2b-899a-c252-c1e1-b94a78883058,kathleen.gray@corp.nexusai.com,Kathleen Gray,Kathleen,Gray,kathleen.gray@corp.nexusai.com,Legal,Legal Counsel,False,,2022-02-04,True,kgray,"[""ENTERPRISEPACK""]",True,a1b2c3d4-e5f6-7890-abcd-ef1234567890
5c9deee0-b42a-0456-8736-5a84725e134d,karen.decker@corp.nexusai.com,Karen Decker,Karen,Decker,karen.decker@corp.nexusai.com,Sales,Enterprise Account Executive,True,2026-06-17 00:00:00,2025-06-06,False,kdecker,"[""ENTERPRISEPACK""]",True,a1b2c3d4-e5f6-7890-abcd-ef1234567890
89628f6e-929c-93b3-33c0-8bf18167999f,johnny.miller@nexusai.onmicrosoft.com,Johnny Miller,Johnny,Miller,johnny.miller@corp.nexusai.com,Sales,Enterprise Account Executive,True,2025-09-10 00:00:00,2021-06-20,False,,"[""ENTERPRISEPACK""]",True,a1b2c3d4-e5f6-7890-abcd-ef1234567890
ae27d432-1dc1-e7eb-711c-767385351a69,andrew.ryan@nexusai.onmicrosoft.com,Andrew Ryan,Andrew,Ryan,andrew.ryan@corp.nexusai.com,Engineering,QA Engineer,True,2026-06-16 00:00:00,2024-12-17,True,,"[""ENTERPRISEPACK""]",False,a1b2c3d4-e5f6-7890-abcd-ef1234567890
ac3a812f-765e-6cb5-8f0d-55400ec7d662,debra.harrington@corp.nexusai.com,Debra Harrington,Debra,Harrington,debra.harrington@corp.nexusai.com,Operations,Process Engineer,False,,2022-10-26,False,dharrington,"[""ENTERPRISEPACK""]",True,a1b2c3d4-e5f6-7890-abcd-ef1234567890
12b2102d-940c-3503-37c8-6152beed0af9,denise.webster@corp.nexusai.com,Denise Webster,Denise,Webster,denise.webster@corp.nexusai.com,Sales,Sales Manager,True,2026-06-07 00:00:00,2020-12-29,True,dwebster,"[""ENTERPRISEPACK""]",True,a1b2c3d4-e5f6-7890-abcd-ef1234567890
fc737d92-11ab-3d11-e4eb-8000ef40d162,stefanie.gonzalez@corp.nexusai.com,Stefanie Gonzalez,Stefanie,Gonzalez,stefanie.gonzalez@corp.nexusai.com,Security,Senior Security Analyst,True,2026-06-10 00:00:00,2023-05-25,True,sgonzalez,"[""ENTERPRISEPACK""]",False,a1b2c3d4-e5f6-7890-abcd-ef1234567890
60a399d4-e821-e716-eac8-0da1de9f6f5b,david.caldwell@corp.nexusai.com,David Caldwell,David,Caldwell,david.caldwell@corp.nexusai.com,HR,Talent Acquisition Specialist,False,,2023-03-24,True,,"[""ENTERPRISEPACK""]",True,a1b2c3d4-e5f6-7890-abcd-ef1234567890
649f7d88-8989-c5ab-fe2b-34d82db0728d,anne.robinson@corp.nexusai.com,Anne Robinson,Anne,Robinson,anne.robinson@corp.nexusai.com,Finance,Senior Financial Analyst,True,2025-07-12 00:00:00,2021-01-15,True,arobinson,"[""ENTERPRISEPACK""]",True,a1b2c3d4-e5f6-7890-abcd-ef1234567890
76876c62-4c61-845e-fa7e-5d9405d1fb63,holly.wang@corp.nexusai.com,Holly Wang,Holly,Wang,holly.wang@corp.nexusai.com,Finance,Accountant,True,2026-06-10 00:00:00,2022-02-05,True,hwang,"[""ENTERPRISEPACK""]",True,a1b2c3d4-e5f6-7890-abcd-ef1234567890
e00da49d-effa-2002-3040-413c4690fb15,gary.lawson@nexusai.onmicrosoft.com,Gary Lawson,Gary,Lawson,gary.lawson@corp.nexusai.com,Marketing,Demand Generation Manager,True,2026-06-16 00:00:00,2021-06-08,True,glawson,"[""ENTERPRISEPACK""]",True,a1b2c3d4-e5f6-7890-abcd-ef1234567890
e39836bb-e23d-dfaa-efad-49e9c41c147e,julie.wilson@nexusai.onmicrosoft.com,Julie Wilson,Julie,Wilson,julie.wilson@corp.nexusai.com,Executive,VP Engineering,True,2026-06-10 00:00:00,2021-08-06,True,,"[""ENTERPRISEPACK""]",True,a1b2c3d4-e5f6-7890-abcd-ef1234567890
df495037-b40a-9181-ac09-bdb799086e47,lori.oconnell@nexusai.onmicrosoft.com,Lori Oconnell,Lori,Oconnell,lori.oconnell@corp.nexusai.com,Operations,Operations Analyst,True,2026-06-09 00:00:00,2022-08-06,True,loconnell,"[""ENTERPRISEPACK""]",True,a1b2c3d4-e5f6-7890-abcd-ef1234567890
c6ac1b04-dd1d-6cd1-c11f-6bf5379ef467,daniel.johnson@nexusai.onmicrosoft.com,Daniel Johnson,Daniel,Johnson,daniel.johnson@corp.nexusai.com,Executive,SVP Finance,True,2026-06-07 00:00:00,2021-10-19,False,djohnson,"[""ENTERPRISEPACK""]",True,a1b2c3d4-e5f6-7890-abcd-ef1234567890
93d563ae-51a3-ac26-937b-f79bbb44badc,larry.byrd@nexusai.onmicrosoft.com,Larry Byrd,Larry,Byrd,larry.byrd@corp.nexusai.com,Engineering,Principal Engineer,True,2026-06-11 00:00:00,2020-11-23,True,,"[""ENTERPRISEPACK""]",True,a1b2c3d4-e5f6-7890-abcd-ef1234567890
46707cd6-4ced-a164-69df-14e9389641dd,susan.sanders@corp.nexusai.com,Susan Sanders,Susan,Sanders,susan.sanders@corp.nexusai.com,Marketing,Content Strategist,True,2026-06-11 00:00:00,2024-12-14,True,ssanders,"[""ENTERPRISEPACK""]",True,a1b2c3d4-e5f6-7890-abcd-ef1234567890
2cd58759-e95d-2761-bc36-dc59e134edfc,jennifer.jones@nexusai.onmicrosoft.com,Jennifer Jones,Jennifer,Jones,jennifer.jones@corp.nexusai.com,Engineering,Software Engineer,True,2026-06-17 00:00:00,2024-06-17,True,jjones,"[""ENTERPRISEPACK""]",True,a1b2c3d4-e5f6-7890-abcd-ef1234567890
b2414482-5198-94d8-8643-3603c92a7d7c,hannah.burton@nexusai.onmicrosoft.com,Hannah Burton,Hannah,Burton,hannah.burton@corp.nexusai.com,Engineering,Principal Engineer,True,2026-06-16 00:00:00,2020-08-28,True,hburton,"[""ENTERPRISEPACK""]",True,a1b2c3d4-e5f6-7890-abcd-ef1234567890
24f43c62-b523-c0de-db87-d29c4cfd0fc1,curtis.barton@corp.nexusai.com,Curtis Barton,Curtis,Barton,curtis.barton@corp.nexusai.com,IT-Operations,Network Engineer,True,2026-06-18 00:00:00,2023-05-15,False,cbarton,"[""ENTERPRISEPACK""]",True,a1b2c3d4-e5f6-7890-abcd-ef1234567890
636f6e5c-2253-e706-87ad-8b268eaa5841,melissa.burke@nexusai.onmicrosoft.com,Melissa Burke,Melissa,Burke,melissa.burke@corp.nexusai.com,Executive,VP Sales,True,2026-06-14 00:00:00,2022-12-15,False,mburke,"[""ENTERPRISEPACK""]",True,a1b2c3d4-e5f6-7890-abcd-ef1234567890
73253aa3-ec17-0298-143d-f5b3a58e83dd,david.riggs@nexusai.onmicrosoft.com,David Riggs,David,Riggs,david.riggs@corp.nexusai.com,Executive,CFO,False,,2020-12-26,True,driggs,"[""ENTERPRISEPACK""]",True,a1b2c3d4-e5f6-7890-abcd-ef1234567890
9adf4709-ac75-c344-608e-149e44b9e602,kimberly.reed@nexusai.onmicrosoft.com,Kimberly Reed,Kimberly,Reed,kimberly.reed@corp.nexusai.com,HR,HR Manager,True,2026-06-12 00:00:00,2021-01-07,True,,"[""ENTERPRISEPACK""]",True,a1b2c3d4-e5f6-7890-abcd-ef1234567890
30a5648e-efe9-b3d0-3639-08bf03ece8ff,william.peterson@corp.nexusai.com,William Peterson,William,Peterson,william.peterson@corp.nexusai.com,Operations,Supply Chain Analyst,False,,2025-05-06,True,wpeterson,"[""ENTERPRISEPACK""]",True,a1b2c3d4-e5f6-7890-abcd-ef1234567890
3d44cb2c-ea45-ba41-6589-ada1345af934,melissa.short@corp.nexusai.com,Melissa Short,Melissa,Short,melissa.short@corp.nexusai.com,IT-Operations,Systems Administrator,True,2026-06-17 00:00:00,2023-11-10,True,,"[""ENTERPRISEPACK""]",True,a1b2c3d4-e5f6-7890-abcd-ef1234567890
774c0afa-7f4d-908c-e1ff-f6c08347f1da,daniel.yu@corp.nexusai.com,Daniel Yu,Daniel,Yu,daniel.yu@corp.nexusai.com,Finance,Finance Manager,True,2026-06-09 00:00:00,2025-06-18,True,,"[""ENTERPRISEPACK""]",False,a1b2c3d4-e5f6-7890-abcd-ef1234567890
dd34aa18-9001-9ed4-0bb4-01e769f753f1,cynthia.poole@nexusai.onmicrosoft.com,Cynthia Poole,Cynthia,Poole,cynthia.poole@corp.nexusai.com,Engineering,Engineering Manager,False,,2021-07-06,True,,"[""ENTERPRISEPACK""]",True,a1b2c3d4-e5f6-7890-abcd-ef1234567890
3ae28023-5472-0d2d-3239-9ffb27046f25,jessica.sheppard@corp.nexusai.com,Jessica Sheppard,Jessica,Sheppard,jessica.sheppard@corp.nexusai.com,Executive,VP Sales,True,2026-06-20 00:00:00,2022-02-05,True,jsheppard,"[""ENTERPRISEPACK""]",True,a1b2c3d4-e5f6-7890-abcd-ef1234567890
c36b9a0a-41e0-2a89-566a-9ce7af521b94,joseph.morton@nexusai.onmicrosoft.com,Joseph Morton,Joseph,Morton,joseph.morton@corp.nexusai.com,IT-Operations,Infrastructure Engineer,True,2026-06-18 00:00:00,2024-02-19,True,jmorton,"[""ENTERPRISEPACK""]",True,a1b2c3d4-e5f6-7890-abcd-ef1234567890
5a2837b2-cb83-83f2-bb96-f6022b115c36,amanda.webb@corp.nexusai.com,Amanda Webb,Amanda,Webb,amanda.webb@corp.nexusai.com,Marketing,Marketing Analyst,True,2026-06-17 00:00:00,2022-08-30,True,,"[""ENTERPRISEPACK""]",False,a1b2c3d4-e5f6-7890-abcd-ef1234567890
01a25ed1-c3ab-b5f1-0c6b-7074ab102c9b,joseph.christian@nexusai.onmicrosoft.com,Joseph Christian,Joseph,Christian,joseph.christian@corp.nexusai.com,Sales,Sales Manager,True,2026-06-11 00:00:00,2023-04-22,False,jchristian,"[""ENTERPRISEPACK""]",True,a1b2c3d4-e5f6-7890-abcd-ef1234567890
74bd0c93-8177-b661-37fe-032c02571851,mariah.miller@nexusai.onmicrosoft.com,Mariah Miller,Mariah,Miller,mariah.miller@corp.nexusai.com,Engineering,QA Engineer,True,2026-06-09 00:00:00,2021-10-10,True,mmiller,"[""ENTERPRISEPACK""]",True,a1b2c3d4-e5f6-7890-abcd-ef1234567890
694d7b00-8d38-8327-883f-13c601b158e9,nicole.sanchez@nexusai.onmicrosoft.com,Nicole Sanchez,Nicole,Sanchez,nicole.sanchez@corp.nexusai.com,HR,HR Specialist,True,2026-06-13 00:00:00,2024-03-28,True,nsanchez,"[""ENTERPRISEPACK""]",True,a1b2c3d4-e5f6-7890-abcd-ef1234567890
b2a6e468-d02b-1243-8091-3ac10463750e,steven.bishop@corp.nexusai.com,Steven Bishop,Steven,Bishop,steven.bishop@corp.nexusai.com,Engineering,QA Engineer,True,2026-06-20 00:00:00,2024-02-25,False,sbishop,"[""ENTERPRISEPACK""]",False,a1b2c3d4-e5f6-7890-abcd-ef1234567890
eb053fc4-1b65-6dab-2de4-6e91e8e6e840,nicholas.johnson@corp.nexusai.com,Nicholas Johnson,Nicholas,Johnson,nicholas.johnson@corp.nexusai.com,Sales,Sales Development Rep,True,2026-06-18 00:00:00,2025-03-19,True,njohnson,"[""ENTERPRISEPACK""]",True,a1b2c3d4-e5f6-7890-abcd-ef1234567890
cb80f288-446f-64dd-5abc-a6e5d0b1e3eb,melissa.white@nexusai.onmicrosoft.com,Melissa White,Melissa,White,melissa.white@corp.nexusai.com,Finance,Controller,True,2026-06-20 00:00:00,2021-08-02,True,mwhite,"[""ENTERPRISEPACK""]",True,a1b2c3d4-e5f6-7890-abcd-ef1234567890
a65f7b8a-dbb4-4021-fdde-64afa75b395a,matthew.beard@corp.nexusai.com,Matthew Beard,Matthew,Beard,matthew.beard@corp.nexusai.com,Legal,Paralegal,True,2026-06-09 00:00:00,2024-04-26,True,mbeard,"[""ENTERPRISEPACK""]",True,a1b2c3d4-e5f6-7890-abcd-ef1234567890
d867888b-7ff6-b824-152a-eaec2bdfcb41,jacqueline.hill@corp.nexusai.com,Jacqueline Hill,Jacqueline,Hill,jacqueline.hill@corp.nexusai.com,Finance,Financial Analyst,True,2026-06-07 00:00:00,2024-11-28,False,jhill,"[""ENTERPRISEPACK""]",True,a1b2c3d4-e5f6-7890-abcd-ef1234567890
e6b9d31a-361f-6d90-3ad1-fa330ae4ac11,alejandro.vaughan@corp.nexusai.com,Alejandro Vaughan,Alejandro,Vaughan,alejandro.vaughan@corp.nexusai.com,IT-Operations,IT Support Specialist,True,2026-06-16 00:00:00,2024-11-30,False,avaughan,"[""ENTERPRISEPACK""]",True,a1b2c3d4-e5f6-7890-abcd-ef1234567890
47c68688-ecf3-2053-af36-b8cc13087974,christopher.cortez@corp.nexusai.com,Christopher Cortez,Christopher,Cortez,christopher.cortez@corp.nexusai.com,HR,HR Manager,True,2026-06-17 00:00:00,2023-10-22,True,ccortez,"[""ENTERPRISEPACK""]",True,a1b2c3d4-e5f6-7890-abcd-ef1234567890
d218c9d6-c093-bfb0-24e9-bcfd9647ff9f,tracy.chang@corp.nexusai.com,Tracy Chang,Tracy,Chang,tracy.chang@corp.nexusai.com,Marketing,Marketing Manager,True,2026-06-17 00:00:00,2023-02-19,True,,"[""ENTERPRISEPACK""]",True,a1b2c3d4-e5f6-7890-abcd-ef1234567890
8a624cbd-e582-b678-ad52-29dd639fc471,hannah.brewer@corp.nexusai.com,Hannah Brewer,Hannah,Brewer,hannah.brewer@corp.nexusai.com,Operations,Process Engineer,True,2026-06-14 00:00:00,2023-11-10,False,hbrewer,"[""ENTERPRISEPACK""]",True,a1b2c3d4-e5f6-7890-abcd-ef1234567890
1901ef87-0dbf-0caf-588a-3f87f96d40f8,travis.mcguire@nexusai.onmicrosoft.com,Travis Mcguire,Travis,Mcguire,travis.mcguire@corp.nexusai.com,HR,Compensation Analyst,True,2026-06-13 00:00:00,2021-02-26,True,tmcguire,"[""ENTERPRISEPACK""]",True,a1b2c3d4-e5f6-7890-abcd-ef1234567890
f80b2cea-658e-54a2-9879-cf35f4719986,christopher.walker@corp.nexusai.com,Christopher Walker,Christopher,Walker,christopher.walker@corp.nexusai.com,Legal,Senior Legal Counsel,False,,2023-10-26,False,cwalker,"[""ENTERPRISEPACK""]",False,a1b2c3d4-e5f6-7890-abcd-ef1234567890
8d93e14a-5b16-7158-3a67-470c7d98302f,heather.torres@corp.nexusai.com,Heather Torres,Heather,Torres,heather.torres@corp.nexusai.com,Executive,CISO,True,2026-06-09 00:00:00,2022-12-31,True,,"[""ENTERPRISEPACK""]",True,a1b2c3d4-e5f6-7890-abcd-ef1234567890
4b9dfd58-9e5d-9c7a-c5ac-c35415f00cb4,bonnie.kennedy@nexusai.onmicrosoft.com,Bonnie Kennedy,Bonnie,Kennedy,bonnie.kennedy@corp.nexusai.com,IT-Operations,Infrastructure Engineer,True,2026-06-17 00:00:00,2024-09-19,False,bkennedy,"[""ENTERPRISEPACK""]",True,a1b2c3d4-e5f6-7890-abcd-ef1234567890
5c56d9bc-5111-d31d-63be-441dbd5a0c9e,alyssa.coleman@corp.nexusai.com,Alyssa Coleman,Alyssa,Coleman,alyssa.coleman@corp.nexusai.com,Engineering,Principal Engineer,True,2026-06-16 00:00:00,2025-05-14,False,,"[""ENTERPRISEPACK""]",True,a1b2c3d4-e5f6-7890-abcd-ef1234567890
8e969227-72e7-6b51-6e54-ac6d2ff8e87e,julie.rivera@corp.nexusai.com,Julie Rivera,Julie,Rivera,julie.rivera@corp.nexusai.com,Engineering,Software Engineer,False,,2024-07-12,False,jrivera,"[""ENTERPRISEPACK""]",True,a1b2c3d4-e5f6-7890-abcd-ef1234567890
0328c136-629e-f3d8-dd1c-a267530ddda6,jacqueline.nelson@corp.nexusai.com,Jacqueline Nelson,Jacqueline,Nelson,jacqueline.nelson@corp.nexusai.com,Engineering,Senior Software Engineer,True,2026-06-18 00:00:00,2021-12-10,True,jnelson,"[""ENTERPRISEPACK""]",True,a1b2c3d4-e5f6-7890-abcd-ef1234567890
46a56fe8-6f46-f1b1-2ace-1aa9103246b3,amanda.gill@nexusai.onmicrosoft.com,Amanda Gill,Amanda,Gill,amanda.gill@corp.nexusai.com,HR,Compensation Analyst,True,2026-06-17 00:00:00,2022-05-18,False,agill,"[""ENTERPRISEPACK""]",True,a1b2c3d4-e5f6-7890-abcd-ef1234567890
7eece88d-a002-352a-b88c-ddde3f2086c2,jacob.robinson@corp.nexusai.com,Jacob Robinson,Jacob,Robinson,jacob.robinson@corp.nexusai.com,Finance,Treasury Analyst,True,2025-09-01 00:00:00,2020-06-30,True,jrobinson,"[""ENTERPRISEPACK""]",True,a1b2c3d4-e5f6-7890-abcd-ef1234567890
01bb819c-4dfe-1117-22af-711f1b628a9d,todd.hardy@corp.nexusai.com,Todd Hardy,Todd,Hardy,todd.hardy@corp.nexusai.com,HR,HR Business Partner,True,2026-06-10 00:00:00,2020-11-17,False,,"[""ENTERPRISEPACK""]",False,a1b2c3d4-e5f6-7890-abcd-ef1234567890
a6aa59e5-dc08-bf29-d2d3-3488d0c30018,tiffany.warren@nexusai.onmicrosoft.com,Tiffany Warren,Tiffany,Warren,tiffany.warren@corp.nexusai.com,Marketing,Brand Specialist,True,2026-06-17 00:00:00,2020-12-04,True,twarren,"[""ENTERPRISEPACK""]",True,a1b2c3d4-e5f6-7890-abcd-ef1234567890
51b30182-f7fe-604f-65f3-0779f6ee5cdb,justin.garcia@corp.nexusai.com,Justin Garcia,Justin,Garcia,justin.garcia@corp.nexusai.com,Engineering,Principal Engineer,True,2026-06-07 00:00:00,2021-05-28,True,jgarcia,"[""ENTERPRISEPACK""]",True,a1b2c3d4-e5f6-7890-abcd-ef1234567890
33261887-9058-81df-ee9b-f3e11d27c09a,james.perez@corp.nexusai.com,James Perez,James,Perez,james.perez@corp.nexusai.com,Legal,Paralegal,True,2026-06-19 00:00:00,2024-11-26,True,,"[""ENTERPRISEPACK""]",True,a1b2c3d4-e5f6-7890-abcd-ef1234567890
f166cdcf-762c-dfbc-ba2a-a7baf3f81c31,harry.smith@corp.nexusai.com,Harry Smith,Harry,Smith,harry.smith@corp.nexusai.com,HR,HR Business Partner,True,2026-06-19 00:00:00,2023-05-27,True,hsmith,"[""ENTERPRISEPACK""]",True,a1b2c3d4-e5f6-7890-abcd-ef1234567890
23a13e20-7fd2-55ee-ac48-436668bd80d7,amanda.hill@corp.nexusai.com,Amanda Hill,Amanda,Hill,amanda.hill@corp.nexusai.com,Legal,Contract Specialist,False,,2021-03-01,True,ahill,"[""ENTERPRISEPACK""]",True,a1b2c3d4-e5f6-7890-abcd-ef1234567890
72f60958-12ef-6101-6082-786fca00ef58,terri.tran@nexusai.onmicrosoft.com,Terri Tran,Terri,Tran,terri.tran@corp.nexusai.com,Sales,Sales Development Rep,True,2026-06-14 00:00:00,2025-05-17,True,ttran,"[""ENTERPRISEPACK""]",True,a1b2c3d4-e5f6-7890-abcd-ef1234567890
f7eae66e-ca6c-af9b-0969-71018b2c550a,heidi.martinez@corp.nexusai.com,Heidi Martinez,Heidi,Martinez,heidi.martinez@corp.nexusai.com,Finance,Controller,True,2026-06-09 00:00:00,2021-03-31,True,hmartinez,"[""ENTERPRISEPACK""]",True,a1b2c3d4-e5f6-7890-abcd-ef1234567890
3f8c1097-c4da-2c2e-1bff-a27915c1604f,miranda.henry@corp.nexusai.com,Miranda Henry,Miranda,Henry,miranda.henry@corp.nexusai.com,Legal,Compliance Officer,True,2026-06-09 00:00:00,2023-11-20,True,,"[""ENTERPRISEPACK""]",False,a1b2c3d4-e5f6-7890-abcd-ef1234567890
1b1f2eb1-6e32-55a8-cbd5-cc86f73936e9,monique.andrews@corp.nexusai.com,Monique Andrews,Monique,Andrews,monique.andrews@corp.nexusai.com,IT-Operations,IT Support Specialist,True,2026-06-17 00:00:00,2024-04-15,True,mandrews,"[""ENTERPRISEPACK""]",True,a1b2c3d4-e5f6-7890-abcd-ef1234567890
b0c07fcc-96ad-d4df-adf7-5924c5b8386b,jack.williams@corp.nexusai.com,Jack Williams,Jack,Williams,jack.williams@corp.nexusai.com,Finance,Accountant,True,2026-06-19 00:00:00,2024-11-11,False,,"[""ENTERPRISEPACK""]",True,a1b2c3d4-e5f6-7890-abcd-ef1234567890
baeb286b-f0d0-270f-d4d1-3d551db6b844,shelley.woods@corp.nexusai.com,Shelley Woods,Shelley,Woods,shelley.woods@corp.nexusai.com,HR,HR Specialist,False,,2025-05-21,True,,"[""ENTERPRISEPACK""]",True,a1b2c3d4-e5f6-7890-abcd-ef1234567890
73d39457-b25f-13df-b8d4-9848702ba49f,lynn.morales@nexusai.onmicrosoft.com,Lynn Morales,Lynn,Morales,lynn.morales@corp.nexusai.com,Executive,COO,True,2026-02-13 00:00:00,2023-07-13,False,lmorales,"[""ENTERPRISEPACK""]",True,a1b2c3d4-e5f6-7890-abcd-ef1234567890
1bff3142-a5e1-5b55-57d3-f4ddd963dc72,charles.soto@nexusai.onmicrosoft.com,Charles Soto,Charles,Soto,charles.soto@corp.nexusai.com,Operations,Business Operations Specialist,True,2026-06-17 00:00:00,2021-01-26,False,,"[""ENTERPRISEPACK""]",True,a1b2c3d4-e5f6-7890-abcd-ef1234567890
54bbbcf8-28fe-a761-8d49-fe3f2ca8f783,brian.hernandez@corp.nexusai.com,Brian Hernandez,Brian,Hernandez,brian.hernandez@corp.nexusai.com,Operations,Operations Analyst,True,2026-06-14 00:00:00,2024-07-23,True,bhernandez,"[""ENTERPRISEPACK""]",False,a1b2c3d4-e5f6-7890-abcd-ef1234567890
7317591a-3283-daa4-e212-ab7c9d361cb6,anna.torres@corp.nexusai.com,Anna Torres,Anna,Torres,anna.torres@corp.nexusai.com,Sales,Account Executive,True,2025-10-21 00:00:00,2022-07-01,True,atorres,"[""ENTERPRISEPACK""]",False,a1b2c3d4-e5f6-7890-abcd-ef1234567890
cbc72f1a-cf08-ea54-b429-9924c0986750,victoria.wilson@nexusai.onmicrosoft.com,Victoria Wilson,Victoria,Wilson,victoria.wilson@corp.nexusai.com,HR,HR Business Partner,True,2026-06-12 00:00:00,2020-08-03,True,vwilson,"[""ENTERPRISEPACK""]",True,a1b2c3d4-e5f6-7890-abcd-ef1234567890
5da49cb9-2fdc-9992-8971-8eeadf3a098a,kathy.obrien@corp.nexusai.com,Kathy Obrien,Kathy,Obrien,kathy.obrien@corp.nexusai.com,Finance,Financial Analyst,True,2026-06-17 00:00:00,2022-06-29,False,kobrien,"[""ENTERPRISEPACK""]",True,a1b2c3d4-e5f6-7890-abcd-ef1234567890
503b4078-a39c-9ec6-f746-4c02871854c1,krystal.perez@corp.nexusai.com,Krystal Perez,Krystal,Perez,krystal.perez@corp.nexusai.com,HR,Compensation Analyst,True,2026-06-14 00:00:00,2021-04-11,True,kperez,"[""ENTERPRISEPACK""]",True,a1b2c3d4-e5f6-7890-abcd-ef1234567890
ccf4ffb0-b4bb-a73f-ac70-51d1d051267f,alexandra.hayes@corp.nexusai.com,Alexandra Hayes,Alexandra,Hayes,alexandra.hayes@corp.nexusai.com,Security,IAM Engineer,True,2025-08-06 00:00:00,2022-09-14,False,ahayes,"[""ENTERPRISEPACK""]",True,a1b2c3d4-e5f6-7890-abcd-ef1234567890
8991b01a-a2b0-3c4b-7c96-6b552f8d8ded,christine.lynch@corp.nexusai.com,Christine Lynch,Christine,Lynch,christine.lynch@corp.nexusai.com,Executive,CTO,True,2026-06-09 00:00:00,2020-11-07,True,clynch,"[""ENTERPRISEPACK""]",True,a1b2c3d4-e5f6-7890-abcd-ef1234567890
9e91a71c-7374-ccbf-d78c-57d3508850d3,jody.meza@corp.nexusai.com,Jody Meza,Jody,Meza,jody.meza@corp.nexusai.com,Executive,CEO,True,2026-06-20 00:00:00,2021-06-29,False,jmeza,"[""ENTERPRISEPACK""]",True,a1b2c3d4-e5f6-7890-abcd-ef1234567890
8fc3d7d3-f6bd-80c7-624a-2a50d0b1fde0,jared.clark@corp.nexusai.com,Jared Clark,Jared,Clark,jared.clark@corp.nexusai.com,Operations,Operations Manager,True,2026-06-13 00:00:00,2020-10-10,True,jclark,"[""ENTERPRISEPACK""]",True,a1b2c3d4-e5f6-7890-abcd-ef1234567890
49e64c22-89a0-b7eb-398f-569b465cc2cb,glenn.jones@corp.nexusai.com,Glenn Jones,Glenn,Jones,glenn.jones@corp.nexusai.com,Security,Security Engineer,False,,2023-09-03,True,,"[""ENTERPRISEPACK""]",True,a1b2c3d4-e5f6-7890-abcd-ef1234567890
37f25d36-8bdd-cee3-70fd-6672b80f16c5,brittney.carter@corp.nexusai.com,Brittney Carter,Brittney,Carter,brittney.carter@corp.nexusai.com,IT-Operations,Cloud Engineer,True,2026-06-17 00:00:00,2024-04-02,False,,"[""ENTERPRISEPACK""]",True,a1b2c3d4-e5f6-7890-abcd-ef1234567890
0840405a-ffd2-f491-dff3-89aa4c36a70c,jesse.mann@corp.nexusai.com,Jesse Mann,Jesse,Mann,jesse.mann@corp.nexusai.com,Legal,Paralegal,True,2026-06-10 00:00:00,2021-10-21,True,jmann,"[""ENTERPRISEPACK""]",True,a1b2c3d4-e5f6-7890-abcd-ef1234567890
cfd7f3b9-c68f-cba5-1e0d-02b5fe7402cd,jacqueline.gibson@corp.nexusai.com,Jacqueline Gibson,Jacqueline,Gibson,jacqueline.gibson@corp.nexusai.com,IT-Operations,IT Manager,True,2025-05-28 00:00:00,2023-05-29,False,jgibson,"[""ENTERPRISEPACK""]",True,a1b2c3d4-e5f6-7890-abcd-ef1234567890
c8ebe27a-23a4-e70e-9dbc-15c02a7dc57c,grace.bradshaw@corp.nexusai.com,Grace Bradshaw,Grace,Bradshaw,grace.bradshaw@corp.nexusai.com,Engineering,Data Engineer,False,,2021-10-25,True,gbradshaw,"[""ENTERPRISEPACK""]",True,a1b2c3d4-e5f6-7890-abcd-ef1234567890
4aea1b8f-b43c-de0a-fa9f-c10e52daf681,kristin.weber@corp.nexusai.com,Kristin Weber,Kristin,Weber,kristin.weber@corp.nexusai.com,Sales,Regional Sales Director,True,2026-06-16 00:00:00,2023-04-01,True,kweber,"[""ENTERPRISEPACK""]",True,a1b2c3d4-e5f6-7890-abcd-ef1234567890
e67093a0-fc48-f615-83b0-b35cdba6fdf8,donna.peck@corp.nexusai.com,Donna Peck,Donna,Peck,donna.peck@corp.nexusai.com,Sales,Regional Sales Director,True,2026-06-18 00:00:00,2021-02-22,False,,"[""ENTERPRISEPACK""]",True,a1b2c3d4-e5f6-7890-abcd-ef1234567890
257035db-3fea-d90a-21f8-072dddb7570e,ronald.stephens@corp.nexusai.com,Ronald Stephens,Ronald,Stephens,ronald.stephens@corp.nexusai.com,Sales,Sales Manager,True,2026-06-17 00:00:00,2025-06-15,True,rstephens,"[""ENTERPRISEPACK""]",True,a1b2c3d4-e5f6-7890-abcd-ef1234567890
a1e518a2-93d2-28d4-2465-5c397d4d2add,deborah.kerr@corp.nexusai.com,Deborah Kerr,Deborah,Kerr,deborah.kerr@corp.nexusai.com,Marketing,Demand Generation Manager,True,2026-06-16 00:00:00,2025-05-09,False,dkerr,"[""ENTERPRISEPACK""]",False,a1b2c3d4-e5f6-7890-abcd-ef1234567890
67213a70-17d5-0f59-c4d5-98f7e14fe093,margaret.jones@corp.nexusai.com,Margaret Jones,Margaret,Jones,margaret.jones@corp.nexusai.com,Executive,VP Sales,True,2026-06-08 00:00:00,2021-06-12,True,mjones,"[""ENTERPRISEPACK""]",True,a1b2c3d4-e5f6-7890-abcd-ef1234567890
f8ded777-bb1e-5ae8-17d8-21b8bb93cd40,gabriel.parker@corp.nexusai.com,Gabriel Parker,Gabriel,Parker,gabriel.parker@corp.nexusai.com,Executive,VP Sales,True,2026-06-12 00:00:00,2023-07-01,True,,"[""ENTERPRISEPACK""]",True,a1b2c3d4-e5f6-7890-abcd-ef1234567890
f7d7465d-37c3-b3c9-65d0-b51788d00abd,kaitlyn.carroll@corp.nexusai.com,Kaitlyn Carroll,Kaitlyn,Carroll,kaitlyn.carroll@corp.nexusai.com,Legal,Senior Legal Counsel,True,2026-06-13 00:00:00,2022-08-13,True,,"[""ENTERPRISEPACK""]",True,a1b2c3d4-e5f6-7890-abcd-ef1234567890
c3231466-aebb-b90e-e4e7-51de57ff51d9,keith.martinez@corp.nexusai.com,Keith Martinez,Keith,Martinez,keith.martinez@corp.nexusai.com,Legal,Paralegal,True,2026-06-18 00:00:00,2022-06-18,True,kmartinez,"[""ENTERPRISEPACK""]",False,a1b2c3d4-e5f6-7890-abcd-ef1234567890
28719b9b-db8f-0e32-edef-50031fce01e3,haley.lyons@corp.nexusai.com,Haley Lyons,Haley,Lyons,haley.lyons@corp.nexusai.com,Executive,COO,True,2026-06-09 00:00:00,2025-02-17,True,,"[""ENTERPRISEPACK""]",True,a1b2c3d4-e5f6-7890-abcd-ef1234567890
fee5ce69-33cb-202e-6d84-414df54191ea,sherri.mason@nexusai.onmicrosoft.com,Sherri Mason,Sherri,Mason,sherri.mason@corp.nexusai.com,Legal,Senior Legal Counsel,True,2026-06-18 00:00:00,2023-07-02,True,smason,"[""ENTERPRISEPACK""]",True,a1b2c3d4-e5f6-7890-abcd-ef1234567890
1519830c-4019-8303-5c45-7e4da79313b8,troy.miller@corp.nexusai.com,Troy Miller,Troy,Miller,troy.miller@corp.nexusai.com,Finance,Senior Financial Analyst,True,2026-06-07 00:00:00,2023-12-07,False,tmiller,"[""ENTERPRISEPACK""]",True,a1b2c3d4-e5f6-7890-abcd-ef1234567890
c156e501-b30e-96e8-b9da-5f8c4e35da80,bill.reynolds@corp.nexusai.com,Bill Reynolds,Bill,Reynolds,bill.reynolds@corp.nexusai.com,Engineering,Principal Engineer,True,2026-06-20 00:00:00,2020-09-12,True,breynolds,"[""ENTERPRISEPACK""]",True,a1b2c3d4-e5f6-7890-abcd-ef1234567890
71efe72a-ae13-591e-84fa-4c7239e7a4f1,marcus.wright@nexusai.onmicrosoft.com,Marcus Wright,Marcus,Wright,marcus.wright@corp.nexusai.com,HR,HR Specialist,True,2026-06-08 00:00:00,2023-02-08,False,,"[""ENTERPRISEPACK""]",True,a1b2c3d4-e5f6-7890-abcd-ef1234567890
16de66c9-6210-def6-3a9c-43081221cddf,christopher.hayden@corp.nexusai.com,Christopher Hayden,Christopher,Hayden,christopher.hayden@corp.nexusai.com,Operations,Business Operations Specialist,False,,2024-01-30,True,chayden,"[""ENTERPRISEPACK""]",True,a1b2c3d4-e5f6-7890-abcd-ef1234567890
a43e558c-2215-df00-dfdf-0e05c0cef31b,mary.johnston@corp.nexusai.com,Mary Johnston,Mary,Johnston,mary.johnston@corp.nexusai.com,HR,Compensation Analyst,False,,2023-01-29,True,,"[""ENTERPRISEPACK""]",True,a1b2c3d4-e5f6-7890-abcd-ef1234567890
59e7703a-70aa-5b0d-2a03-8ad4a667b982,stephanie.key@corp.nexusai.com,Stephanie Key,Stephanie,Key,stephanie.key@corp.nexusai.com,Engineering,Engineering Manager,True,2025-09-12 00:00:00,2024-03-04,True,skey,"[""ENTERPRISEPACK""]",True,a1b2c3d4-e5f6-7890-abcd-ef1234567890
bae1e137-96ee-50e5-1f87-3b46c0a0473a,emily.adams@corp.nexusai.com,Emily Adams,Emily,Adams,emily.adams@corp.nexusai.com,Engineering,Software Engineer,True,2026-06-12 00:00:00,2025-01-08,True,eadams,"[""ENTERPRISEPACK""]",False,a1b2c3d4-e5f6-7890-abcd-ef1234567890
b89f3a92-999a-1d86-99db-13028dab66d3,billy.avila@nexusai.onmicrosoft.com,Billy Avila,Billy,Avila,billy.avila@corp.nexusai.com,HR,Talent Acquisition Specialist,False,,2022-12-29,True,bavila,"[""ENTERPRISEPACK""]",True,a1b2c3d4-e5f6-7890-abcd-ef1234567890
cb35097a-e5dd-98f1-c8a7-38ab0df83e12,sabrina.white@corp.nexusai.com,Sabrina White,Sabrina,White,sabrina.white@corp.nexusai.com,Legal,Compliance Officer,True,2026-06-13 00:00:00,2021-02-02,True,,"[""ENTERPRISEPACK""]",True,a1b2c3d4-e5f6-7890-abcd-ef1234567890
e3837348-873d-c8bd-122d-d7be980bc81e,brenda.walters@nexusai.onmicrosoft.com,Brenda Walters,Brenda,Walters,brenda.walters@corp.nexusai.com,Executive,CEO,False,,2022-05-27,True,bwalters,"[""ENTERPRISEPACK""]",True,a1b2c3d4-e5f6-7890-abcd-ef1234567890
6bbdb66f-9181-6091-d6c6-f45cdc5e4e78,travis.davis@corp.nexusai.com,Travis Davis,Travis,Davis,travis.davis@corp.nexusai.com,Legal,Contract Specialist,True,2026-06-20 00:00:00,2025-02-09,True,tdavis,"[""ENTERPRISEPACK""]",True,a1b2c3d4-e5f6-7890-abcd-ef1234567890
373aedf8-431e-930f-0387-f74d1149d096,michael.cook@corp.nexusai.com,Michael Cook,Michael,Cook,michael.cook@corp.nexusai.com,Finance,Treasury Analyst,True,2026-06-10 00:00:00,2024-05-11,True,mcook,"[""ENTERPRISEPACK""]",True,a1b2c3d4-e5f6-7890-abcd-ef1234567890
c4615234-8044-beb2-b66e-dbf4a0ea0251,elizabeth.hodge@corp.nexusai.com,Elizabeth Hodge,Elizabeth,Hodge,elizabeth.hodge@corp.nexusai.com,Marketing,Marketing Analyst,True,2026-06-14 00:00:00,2021-03-30,True,ehodge,"[""ENTERPRISEPACK""]",False,a1b2c3d4-e5f6-7890-abcd-ef1234567890
15669e36-4708-203b-2716-10c19db54283,mark.steele@nexusai.onmicrosoft.com,Mark Steele,Mark,Steele,mark.steele@corp.nexusai.com,Security,Security Engineer,True,2026-06-20 00:00:00,2022-11-13,False,msteele,"[""ENTERPRISEPACK""]",True,a1b2c3d4-e5f6-7890-abcd-ef1234567890
ebc1bb52-82e4-dd4a-143a-c1c54f560ed5,keith.landry@corp.nexusai.com,Keith Landry,Keith,Landry,keith.landry@corp.nexusai.com,Engineering,Senior Software Engineer,True,2026-06-20 00:00:00,2024-09-01,False,klandry,"[""ENTERPRISEPACK""]",True,a1b2c3d4-e5f6-7890-abcd-ef1234567890
4f67448e-10ec-eb1f-a4a5-c736ae59aa52,lisa.pierce@corp.nexusai.com,Lisa Pierce,Lisa,Pierce,lisa.pierce@corp.nexusai.com,IT-Operations,Network Engineer,True,2026-06-08 00:00:00,2022-11-07,True,lpierce,"[""ENTERPRISEPACK""]",True,a1b2c3d4-e5f6-7890-abcd-ef1234567890
3e9639ba-0ed2-ec9d-3d17-5712d8b22277,shawn.edwards@nexusai.onmicrosoft.com,Shawn Edwards,Shawn,Edwards,shawn.edwards@corp.nexusai.com,Sales,Sales Development Rep,True,2026-06-15 00:00:00,2023-08-13,False,sedwards,"[""ENTERPRISEPACK""]",True,a1b2c3d4-e5f6-7890-abcd-ef1234567890
a8761e85-bddf-a03a-aa84-30f84f2da233,marcus.cordova@corp.nexusai.com,Marcus Cordova,Marcus,Cordova,marcus.cordova@corp.nexusai.com,Marketing,Marketing Analyst,True,2026-06-16 00:00:00,2025-04-26,False,mcordova,"[""ENTERPRISEPACK""]",True,a1b2c3d4-e5f6-7890-abcd-ef1234567890
02e7df89-b395-7a98-2320-4ff5b538f96c,richard.robertson@corp.nexusai.com,Richard Robertson,Richard,Robertson,richard.robertson@corp.nexusai.com,Engineering,Senior Software Engineer,True,2026-06-19 00:00:00,2020-10-06,False,rrobertson,"[""ENTERPRISEPACK""]",False,a1b2c3d4-e5f6-7890-abcd-ef1234567890
1e38f711-e2ec-13f4-bba1-aed944cdbfdd,vanessa.sandoval@corp.nexusai.com,Vanessa Sandoval,Vanessa,Sandoval,vanessa.sandoval@corp.nexusai.com,Finance,Senior Financial Analyst,True,2026-06-08 00:00:00,2021-11-02,True,vsandoval,"[""ENTERPRISEPACK""]",True,a1b2c3d4-e5f6-7890-abcd-ef1234567890
7f0386fa-13ba-dc91-a0a5-fde6939f71a2,jacob.cox@corp.nexusai.com,Jacob Cox,Jacob,Cox,jacob.cox@corp.nexusai.com,Finance,Controller,True,2026-06-09 00:00:00,2025-02-28,True,jcox,"[""ENTERPRISEPACK""]",True,a1b2c3d4-e5f6-7890-abcd-ef1234567890
c5f8e2f8-414f-4994-2845-77805e20c957,katherine.garrett@corp.nexusai.com,Katherine Garrett,Katherine,Garrett,katherine.garrett@corp.nexusai.com,Finance,Senior Financial Analyst,True,2026-06-18 00:00:00,2021-12-02,True,kgarrett,"[""ENTERPRISEPACK""]",True,a1b2c3d4-e5f6-7890-abcd-ef1234567890
0bc57207-3e9a-ec86-0325-4fbddce8e1c5,kathleen.harris@nexusai.onmicrosoft.com,Kathleen Harris,Kathleen,Harris,kathleen.harris@corp.nexusai.com,IT-Operations,IT Manager,True,2025-10-21 00:00:00,2021-09-26,False,kharris,"[""ENTERPRISEPACK""]",True,a1b2c3d4-e5f6-7890-abcd-ef1234567890
a7dc2bc0-bd9c-4693-b6ca-1127e9f87970,andrea.pennington@corp.nexusai.com,Andrea Pennington,Andrea,Pennington,andrea.pennington@corp.nexusai.com,Operations,Operations Manager,True,2026-06-19 00:00:00,2024-03-24,False,,"[""ENTERPRISEPACK""]",True,a1b2c3d4-e5f6-7890-abcd-ef1234567890
92502e59-13f0-6822-d374-8a1145712959,samuel.wolfe@corp.nexusai.com,Samuel Wolfe,Samuel,Wolfe,samuel.wolfe@corp.nexusai.com,HR,HR Business Partner,True,2026-06-08 00:00:00,2025-04-15,True,,"[""ENTERPRISEPACK""]",True,a1b2c3d4-e5f6-7890-abcd-ef1234567890
0bc1f9e5-fb3d-f063-8409-c5eacde918b3,david.dudley@corp.nexusai.com,David Dudley,David,Dudley,david.dudley@corp.nexusai.com,Engineering,QA Engineer,True,2026-06-19 00:00:00,2021-08-02,False,ddudley,"[""ENTERPRISEPACK""]",True,a1b2c3d4-e5f6-7890-abcd-ef1234567890
161d5c87-53c9-fe59-4f89-e3b2d847dc53,chelsea.allen@nexusai.onmicrosoft.com,Chelsea Allen,Chelsea,Allen,chelsea.allen@corp.nexusai.com,Operations,Process Engineer,True,2026-06-17 00:00:00,2023-03-19,True,callen,"[""ENTERPRISEPACK""]",True,a1b2c3d4-e5f6-7890-abcd-ef1234567890
3e19fc1d-9f6a-6a65-bd54-da044dcd0009,eric.pierce@nexusai.onmicrosoft.com,Eric Pierce,Eric,Pierce,eric.pierce@corp.nexusai.com,Legal,Paralegal,True,2026-06-11 00:00:00,2023-04-19,True,epierce,"[""ENTERPRISEPACK""]",True,a1b2c3d4-e5f6-7890-abcd-ef1234567890
8beb4e78-e683-73a3-bb82-b7963207343e,andrea.davis@nexusai.onmicrosoft.com,Andrea Davis,Andrea,Davis,andrea.davis@corp.nexusai.com,Finance,Finance Manager,True,2026-06-07 00:00:00,2024-07-22,True,,"[""ENTERPRISEPACK""]",True,a1b2c3d4-e5f6-7890-abcd-ef1234567890
a2cd1590-58af-393c-8aa2-b4c93ba5bd76,victoria.durham@nexusai.onmicrosoft.com,Victoria Durham,Victoria,Durham,victoria.durham@corp.nexusai.com,Engineering,Engineering Manager,True,2026-06-17 00:00:00,2020-09-15,True,vdurham,"[""ENTERPRISEPACK""]",True,a1b2c3d4-e5f6-7890-abcd-ef1234567890
c2492e5e-005f-d0e6-55c3-b2dbf374190d,steven.wilson@nexusai.onmicrosoft.com,Steven Wilson,Steven,Wilson,steven.wilson@corp.nexusai.com,Finance,Finance Manager,True,2025-07-28 00:00:00,2020-09-03,True,swilson,"[""ENTERPRISEPACK""]",True,a1b2c3d4-e5f6-7890-abcd-ef1234567890
6b790d01-3cf8-8d20-fbad-793f87a1ec02,marilyn.jimenez@corp.nexusai.com,Marilyn Jimenez,Marilyn,Jimenez,marilyn.jimenez@corp.nexusai.com,Finance,Senior Financial Analyst,True,2026-06-07 00:00:00,2025-04-27,False,,"[""ENTERPRISEPACK""]",True,a1b2c3d4-e5f6-7890-abcd-ef1234567890
69be173a-850e-f0ad-d872-f72ee5b4a1ae,jennifer.hicks@corp.nexusai.com,Jennifer Hicks,Jennifer,Hicks,jennifer.hicks@corp.nexusai.com,Finance,Financial Analyst,True,2026-06-19 00:00:00,2025-06-17,True,,"[""ENTERPRISEPACK""]",True,a1b2c3d4-e5f6-7890-abcd-ef1234567890
755d814b-5f5b-a255-e544-9887b36ab3ed,joshua.davenport@corp.nexusai.com,Joshua Davenport,Joshua,Davenport,joshua.davenport@corp.nexusai.com,Executive,COO,True,2026-06-16 00:00:00,2023-02-23,True,jdavenport,"[""ENTERPRISEPACK""]",True,a1b2c3d4-e5f6-7890-abcd-ef1234567890
4aab47b2-3c9d-128a-2176-1930f6d70248,andrea.reyes@nexusai.onmicrosoft.com,Andrea Reyes,Andrea,Reyes,andrea.reyes@corp.nexusai.com,IT-Operations,Cloud Engineer,True,2026-06-17 00:00:00,2021-05-19,True,areyes,"[""ENTERPRISEPACK""]",True,a1b2c3d4-e5f6-7890-abcd-ef1234567890
f18cccdc-131e-b723-3bcd-f203459ee674,sandra.romero@corp.nexusai.com,Sandra Romero,Sandra,Romero,sandra.romero@corp.nexusai.com,Sales,Sales Development Rep,True,2026-06-20 00:00:00,2021-04-11,True,sromero,"[""ENTERPRISEPACK""]",True,a1b2c3d4-e5f6-7890-abcd-ef1234567890
5bb8b9c8-8932-59f3-1ee8-9a4c681134e2,natasha.shields@corp.nexusai.com,Natasha Shields,Natasha,Shields,natasha.shields@corp.nexusai.com,IT-Operations,Cloud Engineer,False,,2023-10-06,True,nshields,"[""ENTERPRISEPACK""]",True,a1b2c3d4-e5f6-7890-abcd-ef1234567890
cebeabaa-2859-7b34-1725-d2c71eb2a7b8,joshua.tyler@nexusai.onmicrosoft.com,Joshua Tyler,Joshua,Tyler,joshua.tyler@corp.nexusai.com,Engineering,QA Engineer,True,2026-06-08 00:00:00,2025-03-08,False,jtyler,"[""ENTERPRISEPACK""]",True,a1b2c3d4-e5f6-7890-abcd-ef1234567890
25f88c74-53ea-4919-db48-62c2d5ff2a1f,robert.villa@corp.nexusai.com,Robert Villa,Robert,Villa,robert.villa@corp.nexusai.com,Security,IAM Engineer,True,2026-06-07 00:00:00,2021-09-19,False,rvilla,"[""ENTERPRISEPACK""]",False,a1b2c3d4-e5f6-7890-abcd-ef1234567890
f7e9101d-3f8b-4433-b60e-695c1759ba96,william.hoover@corp.nexusai.com,William Hoover,William,Hoover,william.hoover@corp.nexusai.com,Sales,Regional Sales Director,True,2026-06-19 00:00:00,2024-06-01,True,,"[""ENTERPRISEPACK""]",False,a1b2c3d4-e5f6-7890-abcd-ef1234567890
