identity_id,ground_truth_anomaly_type,ground_truth_is_anomalous,anomaly_subtype,injection_details
natalie.arroyo@corp.nexusai.com,ORPHANED_ACCOUNT,True,active_on_cloud_after_offboard,{}
kristin.rodriguez@corp.nexusai.com,ORPHANED_ACCOUNT,True,active_on_cloud_after_offboard,{}
julie.rivera@corp.nexusai.com,ORPHANED_ACCOUNT,True,active_on_cloud_after_offboard,{}
wesley.farrell@corp.nexusai.com,ORPHANED_ACCOUNT,True,active_on_cloud_after_offboard,{}
christopher.davis@corp.nexusai.com,ORPHANED_ACCOUNT,True,active_on_cloud_after_offboard,{}
kathleen.gray@corp.nexusai.com,ORPHANED_ACCOUNT,True,active_on_cloud_after_offboard,{}
laura.jackson@corp.nexusai.com,ORPHANED_ACCOUNT,True,active_on_cloud_after_offboard,{}
richard.morgan@corp.nexusai.com,ORPHANED_ACCOUNT,True,active_on_cloud_after_offboard,{}
debra.harrington@corp.nexusai.com,ORPHANED_ACCOUNT,True,active_on_cloud_after_offboard,{}
grace.bradshaw@corp.nexusai.com,ORPHANED_ACCOUNT,True,active_on_cloud_after_offboard,{}
selena.duncan@corp.nexusai.com,ORPHANED_ACCOUNT,True,active_on_cloud_after_offboard,{}
tracy.whitehead@corp.nexusai.com,ORPHANED_ACCOUNT,True,active_on_cloud_after_offboard,{}
joseph.bowers@corp.nexusai.com,ORPHANED_ACCOUNT,True,active_on_cloud_after_offboard,{}
william.peterson@corp.nexusai.com,ORPHANED_ACCOUNT,True,active_on_cloud_after_offboard,{}
aaron.nguyen@corp.nexusai.com,ORPHANED_ACCOUNT,True,active_on_cloud_after_offboard,{}
shelley.woods@corp.nexusai.com,ORPHANED_ACCOUNT,True,active_on_cloud_after_offboard,{}
kevin.kelley@corp.nexusai.com,ORPHANED_ACCOUNT,True,active_on_cloud_after_offboard,{}
melinda.martin@corp.nexusai.com,ORPHANED_ACCOUNT,True,active_on_cloud_after_offboard,{}
mary.johnston@corp.nexusai.com,ORPHANED_ACCOUNT,True,active_on_cloud_after_offboard,{}
tracey.garcia@corp.nexusai.com,ORPHANED_ACCOUNT,True,active_on_cloud_after_offboard,{}
jennifer.wagner@corp.nexusai.com,ORPHANED_ACCOUNT,True,active_on_cloud_after_offboard,{}
alexandra.donovan@corp.nexusai.com,ORPHANED_ACCOUNT,True,active_on_cloud_after_offboard,{}
david.fisher@corp.nexusai.com,ORPHANED_ACCOUNT,True,active_on_cloud_after_offboard,{}
david.caldwell@corp.nexusai.com,ORPHANED_ACCOUNT,True,active_on_cloud_after_offboard,{}
whitney.hicks@corp.nexusai.com,ORPHANED_ACCOUNT,True,active_on_cloud_after_offboard,{}
lindsey.lee@corp.nexusai.com,ORPHANED_ACCOUNT,True,active_on_cloud_after_offboard,{}
amanda.hill@corp.nexusai.com,ORPHANED_ACCOUNT,True,active_on_cloud_after_offboard,{}
christopher.hayden@corp.nexusai.com,ORPHANED_ACCOUNT,True,active_on_cloud_after_offboard,{}
brenda.walters@corp.nexusai.com,ORPHANED_ACCOUNT,True,active_on_cloud_after_offboard,{}
bryan.james@corp.nexusai.com,ORPHANED_ACCOUNT,True,active_on_cloud_after_offboard,{}
jasmine.brown@corp.nexusai.com,ORPHANED_ACCOUNT,True,active_on_cloud_after_offboard,{}
cynthia.poole@corp.nexusai.com,ORPHANED_ACCOUNT,True,active_on_cloud_after_offboard,{}
phillip.elliott@corp.nexusai.com,ORPHANED_ACCOUNT,True,active_on_cloud_after_offboard,{}
chad.welch@corp.nexusai.com,ORPHANED_ACCOUNT,True,active_on_cloud_after_offboard,{}
christopher.walker@corp.nexusai.com,ORPHANED_ACCOUNT,True,active_on_cloud_after_offboard,{}
david.riggs@corp.nexusai.com,ORPHANED_ACCOUNT,True,active_on_cloud_after_offboard,{}
raven.gilbert@corp.nexusai.com,ORPHANED_ACCOUNT,True,active_on_cloud_after_offboard,{}
natasha.shields@corp.nexusai.com,ORPHANED_ACCOUNT,True,active_on_cloud_after_offboard,{}
billy.avila@corp.nexusai.com,ORPHANED_ACCOUNT,True,active_on_cloud_after_offboard,{}
amanda.dudley@corp.nexusai.com,ORPHANED_ACCOUNT,True,active_on_cloud_after_offboard,{}
shelby.byrd@corp.nexusai.com,ORPHANED_ACCOUNT,True,active_on_cloud_after_offboard,{}
daniel.hamilton@corp.nexusai.com,ORPHANED_ACCOUNT,True,active_on_cloud_after_offboard,{}
jennifer.evans@corp.nexusai.com,ORPHANED_ACCOUNT,True,active_on_cloud_after_offboard,{}
robert.adkins@corp.nexusai.com,ORPHANED_ACCOUNT,True,active_on_cloud_after_offboard,{}
robert.soto@corp.nexusai.com,ORPHANED_ACCOUNT,True,active_on_cloud_after_offboard,{}
glenn.jones@corp.nexusai.com,ORPHANED_ACCOUNT,True,active_on_cloud_after_offboard,{}
amy.adkins@corp.nexusai.com,ORPHANED_ACCOUNT,True,active_on_cloud_after_offboard,{}
caitlin.dodson@corp.nexusai.com,ORPHANED_ACCOUNT,True,active_on_cloud_after_offboard,{}
melissa.white@corp.nexusai.com,OVERPRIVILEGED,True,cross_platform_admin,{}
frank.gray@corp.nexusai.com,OVERPRIVILEGED,True,cross_platform_admin,{}
victoria.wilson@corp.nexusai.com,OVERPRIVILEGED,True,cross_platform_admin,{}
kyle.brown@corp.nexusai.com,OVERPRIVILEGED,True,cross_platform_admin,{}
anna.baker@corp.nexusai.com,OVERPRIVILEGED,True,cross_platform_admin,{}
leslie.walton@corp.nexusai.com,OVERPRIVILEGED,True,cross_platform_admin,{}
zoe.bell@corp.nexusai.com,OVERPRIVILEGED,True,cross_platform_admin,{}
troy.miller@corp.nexusai.com,OVERPRIVILEGED,True,cross_platform_admin,{}
katie.anderson@corp.nexusai.com,OVERPRIVILEGED,True,cross_platform_admin,{}
cynthia.diaz@corp.nexusai.com,OVERPRIVILEGED,True,cross_platform_admin,{}
mark.steele@corp.nexusai.com,OVERPRIVILEGED,True,cross_platform_admin,{}
robert.ramirez@corp.nexusai.com,OVERPRIVILEGED,True,cross_platform_admin,{}
tina.herrera@corp.nexusai.com,OVERPRIVILEGED,True,cross_platform_admin,{}
omar.smith@corp.nexusai.com,OVERPRIVILEGED,True,cross_platform_admin,{}
joseph.davidson@corp.nexusai.com,OVERPRIVILEGED,True,cross_platform_admin,{}
brent.gray@corp.nexusai.com,OVERPRIVILEGED,True,cross_platform_admin,{}
sherri.mason@corp.nexusai.com,OVERPRIVILEGED,True,cross_platform_admin,{}
deborah.kerr@corp.nexusai.com,OVERPRIVILEGED,True,cross_platform_admin,{}
thomas.pierce@corp.nexusai.com,OVERPRIVILEGED,True,cross_platform_admin,{}
shawn.edwards@corp.nexusai.com,OVERPRIVILEGED,True,cross_platform_admin,{}
leah.shields@corp.nexusai.com,OVERPRIVILEGED,True,cross_platform_admin,{}
melissa.cannon@corp.nexusai.com,OVERPRIVILEGED,True,cross_platform_admin,{}
chad.hodges@corp.nexusai.com,OVERPRIVILEGED,True,cross_platform_admin,{}
kimberly.reed@corp.nexusai.com,OVERPRIVILEGED,True,cross_platform_admin,{}
emily.evans@corp.nexusai.com,OVERPRIVILEGED,True,cross_platform_admin,{}
alejandro.vaughan@corp.nexusai.com,OVERPRIVILEGED,True,cross_platform_admin,{}
wanda.santos@corp.nexusai.com,OVERPRIVILEGED,True,cross_platform_admin,{}
eric.pierce@corp.nexusai.com,OVERPRIVILEGED,True,cross_platform_admin,{}
loretta.potter@corp.nexusai.com,OVERPRIVILEGED,True,cross_platform_admin,{}
derek.murray@corp.nexusai.com,OVERPRIVILEGED,True,cross_platform_admin,{}
andrea.williams@corp.nexusai.com,OVERPRIVILEGED,True,cross_platform_admin,{}
george.daniel@corp.nexusai.com,OVERPRIVILEGED,True,cross_platform_admin,{}
natasha.decker@corp.nexusai.com,OVERPRIVILEGED,True,cross_platform_admin,{}
kenneth.fowler@corp.nexusai.com,OVERPRIVILEGED,True,cross_platform_admin,{}
yvette.huff@corp.nexusai.com,OVERPRIVILEGED,True,cross_platform_admin,{}
samuel.wolfe@corp.nexusai.com,OVERPRIVILEGED,True,cross_platform_admin,{}
angel.doyle@corp.nexusai.com,OVERPRIVILEGED,True,cross_platform_admin,{}
jacqueline.nelson@corp.nexusai.com,OVERPRIVILEGED,True,cross_platform_admin,{}
robert.silva@corp.nexusai.com,OVERPRIVILEGED,True,cross_platform_admin,{}
karen.decker@corp.nexusai.com,OVERPRIVILEGED,True,cross_platform_admin,{}
joseph.christian@corp.nexusai.com,PRIVILEGE_ESCALATION,True,no_ticket_role_change,{}
john.alvarez@corp.nexusai.com,PRIVILEGE_ESCALATION,True,no_ticket_role_change,{}
ronald.smith@corp.nexusai.com,PRIVILEGE_ESCALATION,True,no_ticket_role_change,{}
joshua.tyler@corp.nexusai.com,PRIVILEGE_ESCALATION,True,no_ticket_role_change,{}
hannah.brewer@corp.nexusai.com,PRIVILEGE_ESCALATION,True,no_ticket_role_change,{}
ryan.simon@corp.nexusai.com,PRIVILEGE_ESCALATION,True,no_ticket_role_change,{}
patricia.miller@corp.nexusai.com,PRIVILEGE_ESCALATION,True,no_ticket_role_change,{}
tanya.house@corp.nexusai.com,PRIVILEGE_ESCALATION,True,no_ticket_role_change,{}
tanner.anderson@corp.nexusai.com,PRIVILEGE_ESCALATION,True,no_ticket_role_change,{}
tammy.ramirez@corp.nexusai.com,PRIVILEGE_ESCALATION,True,no_ticket_role_change,{}
charles.lewis@corp.nexusai.com,PRIVILEGE_ESCALATION,True,no_ticket_role_change,{}
ronald.stephens@corp.nexusai.com,PRIVILEGE_ESCALATION,True,no_ticket_role_change,{}
jonathan.fletcher@corp.nexusai.com,PRIVILEGE_ESCALATION,True,no_ticket_role_change,{}
nicholas.johnson@corp.nexusai.com,PRIVILEGE_ESCALATION,True,no_ticket_role_change,{}
laura.perez@corp.nexusai.com,PRIVILEGE_ESCALATION,True,no_ticket_role_change,{}
rachel.clark@corp.nexusai.com,PRIVILEGE_ESCALATION,True,no_ticket_role_change,{}
nicole.suarez@corp.nexusai.com,PRIVILEGE_ESCALATION,True,no_ticket_role_change,{}
haley.lyons@corp.nexusai.com,PRIVILEGE_ESCALATION,True,no_ticket_role_change,{}
richard.brown@corp.nexusai.com,PRIVILEGE_ESCALATION,True,no_ticket_role_change,{}
darlene.ross@corp.nexusai.com,PRIVILEGE_ESCALATION,True,no_ticket_role_change,{}
robert.villa@corp.nexusai.com,PRIVILEGE_ESCALATION,True,no_ticket_role_change,{}
eric.spears@corp.nexusai.com,PRIVILEGE_ESCALATION,True,no_ticket_role_change,{}
jennifer.harris@corp.nexusai.com,PRIVILEGE_ESCALATION,True,no_ticket_role_change,{}
joseph.morton@corp.nexusai.com,PRIVILEGE_ESCALATION,True,no_ticket_role_change,{}
wendy.rice@corp.nexusai.com,TOKEN_ABUSE,True,api_token_burst_offhours,{}
gregory.rubio@corp.nexusai.com,TOKEN_ABUSE,True,api_token_burst_offhours,{}
james.wilson@corp.nexusai.com,TOKEN_ABUSE,True,api_token_burst_offhours,{}
matthew.beard@corp.nexusai.com,TOKEN_ABUSE,True,api_token_burst_offhours,{}
kimberly.henson@corp.nexusai.com,TOKEN_ABUSE,True,api_token_burst_offhours,{}
kathy.obrien@corp.nexusai.com,TOKEN_ABUSE,True,api_token_burst_offhours,{}
eric.phillips@corp.nexusai.com,TOKEN_ABUSE,True,api_token_burst_offhours,{}
travis.davis@corp.nexusai.com,TOKEN_ABUSE,True,api_token_burst_offhours,{}
todd.lewis@corp.nexusai.com,TOKEN_ABUSE,True,api_token_burst_offhours,{}
earl.anderson@corp.nexusai.com,TOKEN_ABUSE,True,api_token_burst_offhours,{}
amanda.webb@corp.nexusai.com,TOKEN_ABUSE,True,api_token_burst_offhours,{}
jeffrey.velasquez@corp.nexusai.com,TOKEN_ABUSE,True,api_token_burst_offhours,{}
monica.garrison@corp.nexusai.com,TOKEN_ABUSE,True,api_token_burst_offhours,{}
chelsea.allen@corp.nexusai.com,TOKEN_ABUSE,True,api_token_burst_offhours,{}
keith.landry@corp.nexusai.com,TOKEN_ABUSE,True,api_token_burst_offhours,{}
gary.lawson@corp.nexusai.com,TOKEN_ABUSE,True,api_token_burst_offhours,{}
cheryl.archer@corp.nexusai.com,DORMANT_ADMIN,True,privileged_no_login_90d,{}
michelle.cherry@corp.nexusai.com,DORMANT_ADMIN,True,privileged_no_login_90d,{}
rita.harrell@corp.nexusai.com,DORMANT_ADMIN,True,privileged_no_login_90d,{}
matthew.shelton@corp.nexusai.com,DORMANT_ADMIN,True,privileged_no_login_90d,{}
johnny.miller@corp.nexusai.com,DORMANT_ADMIN,True,privileged_no_login_90d,{}
samuel.holmes@corp.nexusai.com,DORMANT_ADMIN,True,privileged_no_login_90d,{}
anne.robinson@corp.nexusai.com,DORMANT_ADMIN,True,privileged_no_login_90d,{}
amy.morrison@corp.nexusai.com,DORMANT_ADMIN,True,privileged_no_login_90d,{}
joe.wilson@corp.nexusai.com,DORMANT_ADMIN,True,privileged_no_login_90d,{}
stephanie.key@corp.nexusai.com,DORMANT_ADMIN,True,privileged_no_login_90d,{}
craig.ramirez@corp.nexusai.com,DORMANT_ADMIN,True,privileged_no_login_90d,{}
alexandra.hayes@corp.nexusai.com,DORMANT_ADMIN,True,privileged_no_login_90d,{}
steven.wilson@corp.nexusai.com,DORMANT_ADMIN,True,privileged_no_login_90d,{}
karen.carrillo@corp.nexusai.com,DORMANT_ADMIN,True,privileged_no_login_90d,{}
jacqueline.gibson@corp.nexusai.com,DORMANT_ADMIN,True,privileged_no_login_90d,{}
rodney.owens@corp.nexusai.com,DORMANT_ADMIN,True,privileged_no_login_90d,{}
jeremy.johnson@corp.nexusai.com,DORMANT_ADMIN,True,privileged_no_login_90d,{}
kathleen.harris@corp.nexusai.com,DORMANT_ADMIN,True,privileged_no_login_90d,{}
donna.moore@corp.nexusai.com,DORMANT_ADMIN,True,privileged_no_login_90d,{}
chelsea.hernandez@corp.nexusai.com,DORMANT_ADMIN,True,privileged_no_login_90d,{}
michele.jones@corp.nexusai.com,DORMANT_ADMIN,True,privileged_no_login_90d,{}
anna.torres@corp.nexusai.com,DORMANT_ADMIN,True,privileged_no_login_90d,{}
jacob.robinson@corp.nexusai.com,DORMANT_ADMIN,True,privileged_no_login_90d,{}
leslie.adams@corp.nexusai.com,DORMANT_ADMIN,True,privileged_no_login_90d,{}
john.leblanc@corp.nexusai.com,DORMANT_ADMIN,True,privileged_no_login_90d,{}
lynn.morales@corp.nexusai.com,DORMANT_ADMIN,True,privileged_no_login_90d,{}
jasmine.graham@corp.nexusai.com,DORMANT_ADMIN,True,privileged_no_login_90d,{}
lee.charles@corp.nexusai.com,DORMANT_ADMIN,True,privileged_no_login_90d,{}
destiny.smith@corp.nexusai.com,LEGITIMATE_EXCEPTION,False,authorized_temp_elevated_access,{}
james.horton@corp.nexusai.com,LEGITIMATE_EXCEPTION,False,authorized_temp_elevated_access,{}
jessica.edwards@corp.nexusai.com,LEGITIMATE_EXCEPTION,False,authorized_temp_elevated_access,{}
tracy.chang@corp.nexusai.com,LEGITIMATE_EXCEPTION,False,authorized_temp_elevated_access,{}
phyllis.manning@corp.nexusai.com,LEGITIMATE_EXCEPTION,False,authorized_temp_elevated_access,{}
william.hoover@corp.nexusai.com,LEGITIMATE_EXCEPTION,False,authorized_temp_elevated_access,{}
christopher.robertson@corp.nexusai.com,LEGITIMATE_EXCEPTION,False,authorized_temp_elevated_access,{}
monique.andrews@corp.nexusai.com,LEGITIMATE_EXCEPTION,False,authorized_temp_elevated_access,{}
troy.sanchez@corp.nexusai.com,LEGITIMATE_EXCEPTION,False,authorized_temp_elevated_access,{}
diana.marshall@corp.nexusai.com,LEGITIMATE_EXCEPTION,False,authorized_temp_elevated_access,{}
diana.foster@corp.nexusai.com,LEGITIMATE_EXCEPTION,False,authorized_temp_elevated_access,{}
kathryn.ryan@corp.nexusai.com,LEGITIMATE_EXCEPTION,False,authorized_temp_elevated_access,{}
megan.parsons@corp.nexusai.com,LEGITIMATE_EXCEPTION,False,authorized_temp_elevated_access,{}
john.martinez@corp.nexusai.com,LEGITIMATE_EXCEPTION,False,authorized_temp_elevated_access,{}
ross.wood@corp.nexusai.com,LEGITIMATE_EXCEPTION,False,authorized_temp_elevated_access,{}
aaron.frost@corp.nexusai.com,LEGITIMATE_EXCEPTION,False,authorized_temp_elevated_access,{}
sabrina.white@corp.nexusai.com,LEGITIMATE_EXCEPTION,False,authorized_temp_elevated_access,{}
terri.tran@corp.nexusai.com,LEGITIMATE_EXCEPTION,False,authorized_temp_elevated_access,{}
brooke.harvey@corp.nexusai.com,LEGITIMATE_EXCEPTION,False,authorized_temp_elevated_access,{}
hannah.burton@corp.nexusai.com,LEGITIMATE_EXCEPTION,False,authorized_temp_elevated_access,{}
amber.taylor@corp.nexusai.com,LEGITIMATE_EXCEPTION,False,authorized_temp_elevated_access,{}
jason.murphy@corp.nexusai.com,LEGITIMATE_EXCEPTION,False,authorized_temp_elevated_access,{}
joyce.arnold@corp.nexusai.com,LEGITIMATE_EXCEPTION,False,authorized_temp_elevated_access,{}
vanessa.sandoval@corp.nexusai.com,LEGITIMATE_EXCEPTION,False,authorized_temp_elevated_access,{}
lisa.pierce@corp.nexusai.com,LEGITIMATE_EXCEPTION,False,authorized_temp_elevated_access,{}
jessica.sheppard@corp.nexusai.com,LEGITIMATE_EXCEPTION,False,authorized_temp_elevated_access,{}
andrea.reyes@corp.nexusai.com,LEGITIMATE_EXCEPTION,False,authorized_temp_elevated_access,{}
john.foster@corp.nexusai.com,LEGITIMATE_EXCEPTION,False,authorized_temp_elevated_access,{}
michelle.wright@corp.nexusai.com,LEGITIMATE_EXCEPTION,False,authorized_temp_elevated_access,{}
christopher.cortez@corp.nexusai.com,LEGITIMATE_EXCEPTION,False,authorized_temp_elevated_access,{}
richard.martin@corp.nexusai.com,LEGITIMATE_EXCEPTION,False,authorized_temp_elevated_access,{}
melissa.ashley@corp.nexusai.com,LEGITIMATE_EXCEPTION,False,authorized_temp_elevated_access,{}
bill.reynolds@corp.nexusai.com,LEGITIMATE_EXCEPTION,False,authorized_temp_elevated_access,{}
susan.cowan@corp.nexusai.com,LEGITIMATE_EXCEPTION,False,authorized_temp_elevated_access,{}
charles.soto@corp.nexusai.com,LEGITIMATE_EXCEPTION,False,authorized_temp_elevated_access,{}
john.walsh@corp.nexusai.com,LEGITIMATE_EXCEPTION,False,authorized_temp_elevated_access,{}
jack.williams@corp.nexusai.com,LEGITIMATE_EXCEPTION,False,authorized_temp_elevated_access,{}
dana.green@corp.nexusai.com,LEGITIMATE_EXCEPTION,False,authorized_temp_elevated_access,{}
thomas.green@corp.nexusai.com,LEGITIMATE_EXCEPTION,False,authorized_temp_elevated_access,{}
steven.bishop@corp.nexusai.com,LEGITIMATE_EXCEPTION,False,authorized_temp_elevated_access,{}
robert.stein@corp.nexusai.com,LEGITIMATE_EXCEPTION,False,authorized_temp_elevated_access,{}
vincent.white@corp.nexusai.com,LEGITIMATE_EXCEPTION,False,authorized_temp_elevated_access,{}
jeffrey.robinson@corp.nexusai.com,LEGITIMATE_EXCEPTION,False,authorized_temp_elevated_access,{}
mitchell.clark@corp.nexusai.com,LEGITIMATE_EXCEPTION,False,authorized_temp_elevated_access,{}
meghan.davis@corp.nexusai.com,LEGITIMATE_EXCEPTION,False,authorized_temp_elevated_access,{}
andrea.pennington@corp.nexusai.com,LEGITIMATE_EXCEPTION,False,authorized_temp_elevated_access,{}
erin.herrera@corp.nexusai.com,LEGITIMATE_EXCEPTION,False,authorized_temp_elevated_access,{}
jody.meza@corp.nexusai.com,LEGITIMATE_EXCEPTION,False,authorized_temp_elevated_access,{}
victoria.durham@corp.nexusai.com,LEGITIMATE_EXCEPTION,False,authorized_temp_elevated_access,{}
melanie.munoz@corp.nexusai.com,LEGITIMATE_EXCEPTION,False,authorized_temp_elevated_access,{}
lisa.adams@corp.nexusai.com,LEGITIMATE_EXCEPTION,False,authorized_temp_elevated_access,{}
keith.martinez@corp.nexusai.com,LEGITIMATE_EXCEPTION,False,authorized_temp_elevated_access,{}
jennifer.jones@corp.nexusai.com,LEGITIMATE_EXCEPTION,False,authorized_temp_elevated_access,{}
melissa.burke@corp.nexusai.com,LEGITIMATE_EXCEPTION,False,authorized_temp_elevated_access,{}
john.caldwell@corp.nexusai.com,LEGITIMATE_EXCEPTION,False,authorized_temp_elevated_access,{}
jill.rhodes@corp.nexusai.com,LEGITIMATE_EXCEPTION,False,authorized_temp_elevated_access,{}
travis.mcguire@corp.nexusai.com,LEGITIMATE_EXCEPTION,False,authorized_temp_elevated_access,{}
anthony.day@corp.nexusai.com,LEGITIMATE_EXCEPTION,False,authorized_temp_elevated_access,{}
susan.sanders@corp.nexusai.com,LEGITIMATE_EXCEPTION,False,authorized_temp_elevated_access,{}
eric.yu@corp.nexusai.com,LEGITIMATE_EXCEPTION,False,authorized_temp_elevated_access,{}
cynthia.baker@corp.nexusai.com,LEGITIMATE_EXCEPTION,False,authorized_temp_elevated_access,{}
holly.wang@corp.nexusai.com,LEGITIMATE_EXCEPTION,False,authorized_temp_elevated_access,{}
melissa.jones@corp.nexusai.com,LEGITIMATE_EXCEPTION,False,authorized_temp_elevated_access,{}
brian.silva@corp.nexusai.com,LEGITIMATE_EXCEPTION,False,authorized_temp_elevated_access,{}
stefanie.gonzalez@corp.nexusai.com,LEGITIMATE_EXCEPTION,False,authorized_temp_elevated_access,{}
katherine.garrett@corp.nexusai.com,LEGITIMATE_EXCEPTION,False,authorized_temp_elevated_access,{}
janet.williams@corp.nexusai.com,LEGITIMATE_EXCEPTION,False,authorized_temp_elevated_access,{}
cindy.johnson@corp.nexusai.com,LEGITIMATE_EXCEPTION,False,authorized_temp_elevated_access,{}
martin.galvan@corp.nexusai.com,NORMAL,False,,{}
elizabeth.travis@corp.nexusai.com,NORMAL,False,,{}
nicholas.galloway@corp.nexusai.com,NORMAL,False,,{}
daniel.yu@corp.nexusai.com,NORMAL,False,,{}
laura.valencia@corp.nexusai.com,NORMAL,False,,{}
rick.daniels@corp.nexusai.com,NORMAL,False,,{}
tiffany.warren@corp.nexusai.com,NORMAL,False,,{}
angela.higgins@corp.nexusai.com,NORMAL,False,,{}
michelle.ray@corp.nexusai.com,NORMAL,False,,{}
robert.johnson@corp.nexusai.com,NORMAL,False,,{}
thomas.santana@corp.nexusai.com,NORMAL,False,,{}
scott.callahan@corp.nexusai.com,NORMAL,False,,{}
joseph.wright@corp.nexusai.com,NORMAL,False,,{}
brooke.leonard@corp.nexusai.com,NORMAL,False,,{}
danielle.johnson@corp.nexusai.com,NORMAL,False,,{}
anthony.gonzalez@corp.nexusai.com,NORMAL,False,,{}
jacqueline.hill@corp.nexusai.com,NORMAL,False,,{}
jesse.mann@corp.nexusai.com,NORMAL,False,,{}
brandy.dominguez@corp.nexusai.com,NORMAL,False,,{}
collin.jordan@corp.nexusai.com,NORMAL,False,,{}
margaret.jones@corp.nexusai.com,NORMAL,False,,{}
joseph.mahoney@corp.nexusai.com,NORMAL,False,,{}
joseph.brennan@corp.nexusai.com,NORMAL,False,,{}
tina.sanchez@corp.nexusai.com,NORMAL,False,,{}
daniel.coleman@corp.nexusai.com,NORMAL,False,,{}
rebecca.gardner@corp.nexusai.com,NORMAL,False,,{}
taylor.alexander@corp.nexusai.com,NORMAL,False,,{}
joseph.jacobs@corp.nexusai.com,NORMAL,False,,{}
jason.anderson@corp.nexusai.com,NORMAL,False,,{}
sydney.baker@corp.nexusai.com,NORMAL,False,,{}
emily.walker@corp.nexusai.com,NORMAL,False,,{}
jerry.robinson@corp.nexusai.com,NORMAL,False,,{}
andrew.lee@corp.nexusai.com,NORMAL,False,,{}
brian.hernandez@corp.nexusai.com,NORMAL,False,,{}
richard.phillips@corp.nexusai.com,NORMAL,False,,{}
matthew.chapman@corp.nexusai.com,NORMAL,False,,{}
jessica.nunez@corp.nexusai.com,NORMAL,False,,{}
lindsay.blair@corp.nexusai.com,NORMAL,False,,{}
kyle.nolan@corp.nexusai.com,NORMAL,False,,{}
paul.ray@corp.nexusai.com,NORMAL,False,,{}
joshua.davenport@corp.nexusai.com,NORMAL,False,,{}
marcus.wright@corp.nexusai.com,NORMAL,False,,{}
curtis.barton@corp.nexusai.com,NORMAL,False,,{}
melissa.short@corp.nexusai.com,NORMAL,False,,{}
james.west@corp.nexusai.com,NORMAL,False,,{}
joseph.flores@corp.nexusai.com,NORMAL,False,,{}
daniel.burton@corp.nexusai.com,NORMAL,False,,{}
andrea.davis@corp.nexusai.com,NORMAL,False,,{}
dennis.wilson@corp.nexusai.com,NORMAL,False,,{}
daniel.johnson@corp.nexusai.com,NORMAL,False,,{}
aaron.hayes@corp.nexusai.com,NORMAL,False,,{}
ryan.johnson@corp.nexusai.com,NORMAL,False,,{}
tara.white@corp.nexusai.com,NORMAL,False,,{}
andrew.hickman@corp.nexusai.com,NORMAL,False,,{}
denise.webster@corp.nexusai.com,NORMAL,False,,{}
linda.wolfe@corp.nexusai.com,NORMAL,False,,{}
shawn.mckay@corp.nexusai.com,NORMAL,False,,{}
thomas.pearson@corp.nexusai.com,NORMAL,False,,{}
marilyn.jimenez@corp.nexusai.com,NORMAL,False,,{}
martha.warner@corp.nexusai.com,NORMAL,False,,{}
michael.cook@corp.nexusai.com,NORMAL,False,,{}
katie.boyd@corp.nexusai.com,NORMAL,False,,{}
lisa.keith@corp.nexusai.com,NORMAL,False,,{}
joseph.zuniga@corp.nexusai.com,NORMAL,False,,{}
brenda.hurst@corp.nexusai.com,NORMAL,False,,{}
michael.molina@corp.nexusai.com,NORMAL,False,,{}
thomas.mueller@corp.nexusai.com,NORMAL,False,,{}
angela.cohen@corp.nexusai.com,NORMAL,False,,{}
adam.wise@corp.nexusai.com,NORMAL,False,,{}
todd.hardy@corp.nexusai.com,NORMAL,False,,{}
reginald.robinson@corp.nexusai.com,NORMAL,False,,{}
jason.salinas@corp.nexusai.com,NORMAL,False,,{}
robert.clark@corp.nexusai.com,NORMAL,False,,{}
april.williams@corp.nexusai.com,NORMAL,False,,{}
nancy.baker@corp.nexusai.com,NORMAL,False,,{}
david.dudley@corp.nexusai.com,NORMAL,False,,{}
pamela.sanchez@corp.nexusai.com,NORMAL,False,,{}
mark.lin@corp.nexusai.com,NORMAL,False,,{}
jennifer.hicks@corp.nexusai.com,NORMAL,False,,{}
christine.lynch@corp.nexusai.com,NORMAL,False,,{}
robin.ellis@corp.nexusai.com,NORMAL,False,,{}
veronica.torres@corp.nexusai.com,NORMAL,False,,{}
jeremy.roberts@corp.nexusai.com,NORMAL,False,,{}
julie.wilson@corp.nexusai.com,NORMAL,False,,{}
joshua.walker@corp.nexusai.com,NORMAL,False,,{}
lori.oconnell@corp.nexusai.com,NORMAL,False,,{}
steven.torres@corp.nexusai.com,NORMAL,False,,{}
laura.henderson@corp.nexusai.com,NORMAL,False,,{}
maria.montgomery@corp.nexusai.com,NORMAL,False,,{}
alyssa.coleman@corp.nexusai.com,NORMAL,False,,{}
christopher.tucker@corp.nexusai.com,NORMAL,False,,{}
cynthia.rogers@corp.nexusai.com,NORMAL,False,,{}
miranda.henry@corp.nexusai.com,NORMAL,False,,{}
nicole.sanchez@corp.nexusai.com,NORMAL,False,,{}
john.charles@corp.nexusai.com,NORMAL,False,,{}
tanya.riley@corp.nexusai.com,NORMAL,False,,{}
james.moran@corp.nexusai.com,NORMAL,False,,{}
james.perez@corp.nexusai.com,NORMAL,False,,{}
jason.hahn@corp.nexusai.com,NORMAL,False,,{}
yolanda.ferrell@corp.nexusai.com,NORMAL,False,,{}
richard.robertson@corp.nexusai.com,NORMAL,False,,{}
courtney.hill@corp.nexusai.com,NORMAL,False,,{}
gabriel.parker@corp.nexusai.com,NORMAL,False,,{}
maria.kelley@corp.nexusai.com,NORMAL,False,,{}
chris.mitchell@corp.nexusai.com,NORMAL,False,,{}
sheila.wilson@corp.nexusai.com,NORMAL,False,,{}
richard.oliver@corp.nexusai.com,NORMAL,False,,{}
judy.lambert@corp.nexusai.com,NORMAL,False,,{}
krystal.perez@corp.nexusai.com,NORMAL,False,,{}
debra.gardner@corp.nexusai.com,NORMAL,False,,{}
jeremy.whitehead@corp.nexusai.com,NORMAL,False,,{}
charles.ware@corp.nexusai.com,NORMAL,False,,{}
charles.ellis@corp.nexusai.com,NORMAL,False,,{}
bonnie.kennedy@corp.nexusai.com,NORMAL,False,,{}
kaitlyn.carroll@corp.nexusai.com,NORMAL,False,,{}
harry.smith@corp.nexusai.com,NORMAL,False,,{}
stephen.solis@corp.nexusai.com,NORMAL,False,,{}
justin.garcia@corp.nexusai.com,NORMAL,False,,{}
lisa.smith@corp.nexusai.com,NORMAL,False,,{}
tasha.valencia@corp.nexusai.com,NORMAL,False,,{}
mary.aguilar@corp.nexusai.com,NORMAL,False,,{}
larry.byrd@corp.nexusai.com,NORMAL,False,,{}
daniel.graham@corp.nexusai.com,NORMAL,False,,{}
christopher.hall@corp.nexusai.com,NORMAL,False,,{}
rodney.lewis@corp.nexusai.com,NORMAL,False,,{}
andrew.hernandez@corp.nexusai.com,NORMAL,False,,{}
christopher.lopez@corp.nexusai.com,NORMAL,False,,{}
catherine.dixon@corp.nexusai.com,NORMAL,False,,{}
jesse.benson@corp.nexusai.com,NORMAL,False,,{}
andrew.ryan@corp.nexusai.com,NORMAL,False,,{}
aaron.mitchell@corp.nexusai.com,NORMAL,False,,{}
emily.adams@corp.nexusai.com,NORMAL,False,,{}
david.walker@corp.nexusai.com,NORMAL,False,,{}
scott.dalton@corp.nexusai.com,NORMAL,False,,{}
james.collins@corp.nexusai.com,NORMAL,False,,{}
nicholas.arnold@corp.nexusai.com,NORMAL,False,,{}
scott.lewis@corp.nexusai.com,NORMAL,False,,{}
kyle.ortiz@corp.nexusai.com,NORMAL,False,,{}
jacob.cox@corp.nexusai.com,NORMAL,False,,{}
michael.jones@corp.nexusai.com,NORMAL,False,,{}
amanda.ball@corp.nexusai.com,NORMAL,False,,{}
jeffrey.lawrence@corp.nexusai.com,NORMAL,False,,{}
lisa.evans@corp.nexusai.com,NORMAL,False,,{}
john.garcia@corp.nexusai.com,NORMAL,False,,{}
amber.blair@corp.nexusai.com,NORMAL,False,,{}
matthew.moore@corp.nexusai.com,NORMAL,False,,{}
james.johnson@corp.nexusai.com,NORMAL,False,,{}
alexander.le@corp.nexusai.com,NORMAL,False,,{}
deborah.lynch@corp.nexusai.com,NORMAL,False,,{}
diana.smith@corp.nexusai.com,NORMAL,False,,{}
susan.rogers@corp.nexusai.com,NORMAL,False,,{}
elizabeth.mcmillan@corp.nexusai.com,NORMAL,False,,{}
marcus.cordova@corp.nexusai.com,NORMAL,False,,{}
elizabeth.rivera@corp.nexusai.com,NORMAL,False,,{}
daniel.tran@corp.nexusai.com,NORMAL,False,,{}
patricia.salazar@corp.nexusai.com,NORMAL,False,,{}
kristin.weber@corp.nexusai.com,NORMAL,False,,{}
sandra.romero@corp.nexusai.com,NORMAL,False,,{}
rodney.hill@corp.nexusai.com,NORMAL,False,,{}
mike.moore@corp.nexusai.com,NORMAL,False,,{}
jared.clark@corp.nexusai.com,NORMAL,False,,{}
veronica.bowman@corp.nexusai.com,NORMAL,False,,{}
donna.peck@corp.nexusai.com,NORMAL,False,,{}
mariah.miller@corp.nexusai.com,NORMAL,False,,{}
kimberly.moreno@corp.nexusai.com,NORMAL,False,,{}
heidi.martinez@corp.nexusai.com,NORMAL,False,,{}
spencer.henderson@corp.nexusai.com,NORMAL,False,,{}
nancy.edwards@corp.nexusai.com,NORMAL,False,,{}
amy.gutierrez@corp.nexusai.com,NORMAL,False,,{}
brittney.carter@corp.nexusai.com,NORMAL,False,,{}
amanda.gill@corp.nexusai.com,NORMAL,False,,{}
elizabeth.hodge@corp.nexusai.com,NORMAL,False,,{}
russell.carpenter@corp.nexusai.com,NORMAL,False,,{}
jeffery.wagner@corp.nexusai.com,NORMAL,False,,{}
heather.torres@corp.nexusai.com,NORMAL,False,,{}
christopher.williams@corp.nexusai.com,NORMAL,False,,{}
