okta_id,login,email,first_name,last_name,display_name,department,title,status,activated,last_login,last_updated,mfa_enrolled,external_id,user_type
00ust5j284wv98y3um,danielle.johnson@corp.nexusai.com,danielle.johnson@corp.nexusai.com,Danielle,Johnson,Danielle Johnson,Executive,SVP Finance,ACTIVE,2023-04-13 00:00:00,2026-06-16 00:00:00,2026-05-18 00:00:00,True,5ab33edf-6e59-5ed3-a8b3-17fa18d0752b,regular
00ug2g73aj0je4qvzf,joshua.walker@corp.nexusai.com,joshua.walker@corp.nexusai.com,Joshua,Walker,Joshua Walker,Executive,SVP Finance,ACTIVE,2021-12-27 00:00:00,2026-06-19 00:00:00,2026-04-26 00:00:00,True,ccf3a171-56dc-8907-ba6c-34ab6712303a,regular
00ucudswx1jp70lklf,jill.rhodes@corp.nexusai.com,jill.rhodes@corp.nexusai.com,Jill,Rhodes,Jill Rhodes,Executive,CEO,ACTIVE,2020-08-06 00:00:00,2026-06-18 00:00:00,2026-06-05 00:00:00,True,134c6c92-ec5b-227c-dfde-4fbf3ff350bf,regular
00uifsu0lmi8x76rkq,robert.johnson@corp.nexusai.com,robert.johnson@corp.nexusai.com,Robert,Johnson,Robert Johnson,Executive,CTO,ACTIVE,2023-03-23 00:00:00,2026-06-13 00:00:00,2026-04-25 00:00:00,True,63f2ae24-fc3d-3348-008d-4127610461e3,regular
00u8h3xqyxgo4b9uoe,jeffery.wagner@corp.nexusai.com,jeffery.wagner@corp.nexusai.com,Jeffery,Wagner,Jeffery Wagner,Executive,CFO,ACTIVE,2020-11-03 00:00:00,2026-06-16 00:00:00,2026-04-25 00:00:00,True,7c967f79-b7e9-9aca-a970-65e18e46d534,regular
00uj0g50rcxn22pxgx,debra.gardner@corp.nexusai.com,debra.gardner@corp.nexusai.com,Debra,Gardner,Debra Gardner,Executive,CISO,ACTIVE,2024-05-03 00:00:00,2026-06-17 00:00:00,2026-05-29 00:00:00,True,82010c62-f5f5-9b22-0e8f-a8e0284d82e5,regular
00u8wdzrmh3fnbdvpi,jeffrey.lawrence@corp.nexusai.com,jeffrey.lawrence@corp.nexusai.com,Jeffrey,Lawrence,Jeffrey Lawrence,Engineering,Engineering Manager,ACTIVE,2025-02-25 00:00:00,2026-06-13 00:00:00,2026-06-17 00:00:00,True,f10c718b-1eb0-e38a-675d-d5af3c365296,regular
00uwpublqdi07he42x,lisa.smith@corp.nexusai.com,lisa.smith@corp.nexusai.com,Lisa,Smith,Lisa Smith,IT-Operations,Infrastructure Engineer,ACTIVE,2022-04-26 00:00:00,2026-06-15 00:00:00,2026-05-14 00:00:00,True,42c18a62-ef48-e8d5-50fd-9d3f85d51695,regular
00ujeir9uy7s361gh9,linda.wolfe@corp.nexusai.com,linda.wolfe@corp.nexusai.com,Linda,Wolfe,Linda Wolfe,Finance,Accountant,ACTIVE,2023-09-13 00:00:00,2026-06-07 00:00:00,2026-05-25 00:00:00,True,750cab75-4ccc-9bc2-a53f-8a28abf3e3fc,regular
00un12o0v3z0gu1uqx,matthew.moore@corp.nexusai.com,matthew.moore@corp.nexusai.com,Matthew,Moore,Matthew Moore,Executive,CISO,ACTIVE,2022-01-31 00:00:00,2026-06-10 00:00:00,2026-05-04 00:00:00,True,19985f15-ff00-2d4d-9020-59e4ff9ab5c2,regular
00ustwg6nj4ogw9xhr,susan.rogers@corp.nexusai.com,susan.rogers@corp.nexusai.com,Susan,Rogers,Susan Rogers,Sales,Account Executive,ACTIVE,2023-02-21 00:00:00,2026-06-13 00:00:00,2026-05-15 00:00:00,True,3e896c64-e117-dac3-119c-4ea3e1805081,regular
00uzejbf7ny03vkxtu,christopher.davis@corp.nexusai.com,christopher.davis@corp.nexusai.com,Christopher,Davis,Christopher Davis,Engineering,Engineering Manager,ACTIVE,2021-10-04 00:00:00,2025-02-03 00:00:00,2026-05-08 00:00:00,True,aaf91531-0200-b1f0-8768-a84fa76afde6,regular
00u1gp1z7fztvovke6,amanda.dudley@corp.nexusai.com,amanda.dudley@corp.nexusai.com,Amanda,Dudley,Amanda Dudley,Sales,Account Executive,ACTIVE,2024-10-27 00:00:00,2025-07-29 00:00:00,2026-05-13 00:00:00,True,217d65a0-c568-11cd-5563-f61600e85ece,regular
00ul532uuj2e42trdw,nicholas.arnold@corp.nexusai.com,nicholas.arnold@corp.nexusai.com,Nicholas,Arnold,Nicholas Arnold,Marketing,Content Strategist,ACTIVE,2022-08-26 00:00:00,2026-06-19 00:00:00,2026-05-27 00:00:00,True,b4a69f3c-8d3a-ed99-711c-21c9bdc14f1f,regular
00u6jd2gvf6lcp2277,maria.montgomery@corp.nexusai.com,maria.montgomery@corp.nexusai.com,Maria,Montgomery,Maria Montgomery,Executive,CISO,ACTIVE,2021-04-24 00:00:00,2026-06-08 00:00:00,2026-05-26 00:00:00,True,8d7248e2-951f-58d0-5e84-f058d5a804eb,regular
00ukxxsy0vdvevg9ys,michelle.ray@corp.nexusai.com,michelle.ray@corp.nexusai.com,Michelle,Ray,Michelle Ray,Sales,Account Executive,ACTIVE,2021-08-20 00:00:00,2026-06-20 00:00:00,2026-04-28 00:00:00,True,0a368ce7-dc57-0131-f8e1-daa7cbceabde,regular
00u7f16xbxtlnv5moi,janet.williams@corp.nexusai.com,janet.williams@corp.nexusai.com,Janet,Williams,Janet Williams,Marketing,Brand Specialist,ACTIVE,2023-07-15 00:00:00,2026-06-15 00:00:00,2026-06-14 00:00:00,True,bfddc3d9-9ee3-ac2a-f94d-62046808593f,regular
00ujesg687cviyjklk,jeremy.roberts@corp.nexusai.com,jeremy.roberts@corp.nexusai.com,Jeremy,Roberts,Jeremy Roberts,HR,HR Business Partner,ACTIVE,2022-04-16 00:00:00,2026-06-17 00:00:00,2026-05-27 00:00:00,True,698c206f-e1a4-7e10-2d53-4dd0cf8ebc5a,regular
00ur26j1fo2wb0dz6x,christopher.hall@corp.nexusai.com,christopher.hall@corp.nexusai.com,Christopher,Hall,Christopher Hall,IT-Operations,Systems Administrator,ACTIVE,2025-06-08 00:00:00,2026-06-20 00:00:00,2026-04-29 00:00:00,True,61ee411a-1bac-27a7-b386-f7a4c991603f,regular
00upyfxobugvjics4i,craig.ramirez@corp.nexusai.com,craig.ramirez@corp.nexusai.com,Craig,Ramirez,Craig Ramirez,Sales,Enterprise Account Executive,ACTIVE,2023-02-12 00:00:00,2025-12-12 00:00:00,2026-05-20 00:00:00,True,d20eac17-4e20-fd1a-5983-36e375d66ed4,regular
00u42afbqnj971hspt,cynthia.diaz@corp.nexusai.com,cynthia.diaz@corp.nexusai.com,Cynthia,Diaz,Cynthia Diaz,HR,Talent Acquisition Specialist,ACTIVE,2023-03-07 00:00:00,2026-06-12 00:00:00,2026-04-23 00:00:00,True,11c58ef0-dd46-3c09-4752-87aa5408f9ac,regular
00uhdp03eh58b6pjs1,mitchell.clark@corp.nexusai.com,mitchell.clark@corp.nexusai.com,Mitchell,Clark,Mitchell Clark,Operations,Operations Analyst,ACTIVE,2024-03-30 00:00:00,2026-06-09 00:00:00,2026-05-27 00:00:00,True,54c63cd8-8945-6f27-d7fa-2d8dfb2ca025,regular
00uy4cyxqbwewpgvic,joseph.zuniga@corp.nexusai.com,joseph.zuniga@corp.nexusai.com,Joseph,Zuniga,Joseph Zuniga,Marketing,Demand Generation Manager,ACTIVE,2023-02-13 00:00:00,2026-06-19 00:00:00,2026-05-22 00:00:00,True,587ef344-6f3f-920c-98b8-e4cc1bc044fc,regular
00u6z84qcmswdvrhx1,deborah.lynch@corp.nexusai.com,deborah.lynch@corp.nexusai.com,Deborah,Lynch,Deborah Lynch,Operations,Operations Analyst,ACTIVE,2022-08-08 00:00:00,2026-06-07 00:00:00,2026-05-07 00:00:00,True,6fa17735-b572-f3d0-0b5c-ea6a41357e8c,regular
00uezx6kbj2ciepxxy,frank.gray@corp.nexusai.com,frank.gray@corp.nexusai.com,Frank,Gray,Frank Gray,Legal,Compliance Officer,ACTIVE,2023-09-26 00:00:00,2026-06-12 00:00:00,2026-05-15 00:00:00,True,81d2c7de-4ce1-eb90-e669-7833b841d0a0,regular
00ucj2xx2ei7xzurph,veronica.bowman@corp.nexusai.com,veronica.bowman@corp.nexusai.com,Veronica,Bowman,Veronica Bowman,Executive,CTO,ACTIVE,2023-06-07 00:00:00,2026-06-14 00:00:00,2026-05-13 00:00:00,True,aa38d0a1-6ba2-5efe-311c-6eb62095eef6,regular
00uip5bx9x39ifetz4,angela.cohen@corp.nexusai.com,angela.cohen@corp.nexusai.com,Angela,Cohen,Angela Cohen,IT-Operations,IT Support Specialist,ACTIVE,2021-05-14 00:00:00,2026-06-10 00:00:00,2026-06-13 00:00:00,True,35ce8841-4973-2d6c-4dca-bfb7001a9a8b,regular
00uf6kjkvcbfcqn0b5,leslie.adams@corp.nexusai.com,leslie.adams@corp.nexusai.com,Leslie,Adams,Leslie Adams,Executive,VP Engineering,ACTIVE,2023-06-11 00:00:00,2026-01-22 00:00:00,2026-05-06 00:00:00,True,ce7ae7f6-3982-0cff-4f77-a665ac3c5640,regular
00u635t5bfz63pnwdd,nancy.edwards@corp.nexusai.com,nancy.edwards@corp.nexusai.com,Nancy,Edwards,Nancy Edwards,Finance,Financial Analyst,ACTIVE,2021-11-11 00:00:00,2026-06-16 00:00:00,2026-05-25 00:00:00,True,e2add909-c521-bf2d-dc45-d539c03f3538,regular
00u6z6ccciv473j6iu,robin.ellis@corp.nexusai.com,robin.ellis@corp.nexusai.com,Robin,Ellis,Robin Ellis,Executive,CTO,ACTIVE,2021-12-29 00:00:00,2026-06-08 00:00:00,2026-06-16 00:00:00,False,76f2dbfe-cd29-a36f-2222-82e174daaebf,regular
00uukztv6685t4bxvh,joseph.wright@corp.nexusai.com,joseph.wright@corp.nexusai.com,Joseph,Wright,Joseph Wright,Marketing,Marketing Analyst,ACTIVE,2024-04-12 00:00:00,2026-06-07 00:00:00,2026-06-09 00:00:00,True,d0a44432-9cd6-c852-714c-7df4e4347d51,regular
00uu0j0n064di7n9u4,anna.baker@corp.nexusai.com,anna.baker@corp.nexusai.com,Anna,Baker,Anna Baker,Security,IAM Engineer,ACTIVE,2023-08-31 00:00:00,2026-06-16 00:00:00,2026-06-11 00:00:00,True,c074718e-425a-609f-7337-c59979844388,regular
00uu4w9rsh8yzwjscs,brenda.hurst@corp.nexusai.com,brenda.hurst@corp.nexusai.com,Brenda,Hurst,Brenda Hurst,Engineering,Principal Engineer,ACTIVE,2023-10-12 00:00:00,2026-06-13 00:00:00,2026-05-20 00:00:00,True,3c07c574-4925-7af1-b6aa-e05b13d5f2f7,regular
00ug0v4gia9k044msu,whitney.hicks@corp.nexusai.com,whitney.hicks@corp.nexusai.com,Whitney,Hicks,Whitney Hicks,HR,Talent Acquisition Specialist,ACTIVE,2024-02-27 00:00:00,2025-01-03 00:00:00,2026-04-23 00:00:00,False,d5385b0e-34f3-193c-0ff0-a55c6a702e2f,regular
00uavsmlz16ufzgli4,christopher.williams@corp.nexusai.com,christopher.williams@corp.nexusai.com,Christopher,Williams,Christopher Williams,HR,Talent Acquisition Specialist,ACTIVE,2023-03-24 00:00:00,2026-06-15 00:00:00,2026-04-23 00:00:00,True,63d62a39-c0e3-befd-4c71-e0fe5a0cdd7c,regular
00uupaqyp2rvtaqxpd,daniel.burton@corp.nexusai.com,daniel.burton@corp.nexusai.com,Daniel,Burton,Daniel Burton,HR,HR Specialist,ACTIVE,2023-03-29 00:00:00,2026-06-15 00:00:00,2026-05-29 00:00:00,True,e5d6f6e6-9a6e-c2f5-ccc4-29038bcf53a1,regular
00uf62d3i603d93tbz,bryan.james@corp.nexusai.com,bryan.james@corp.nexusai.com,Bryan,James,Bryan James,Legal,Contract Specialist,ACTIVE,2022-09-27 00:00:00,2025-05-19 00:00:00,2026-06-04 00:00:00,False,a9ba5a27-907b-fe36-9786-48f864de82e6,regular
00uli0xy2yyf8iwhl8,wendy.rice@corp.nexusai.com,wendy.rice@corp.nexusai.com,Wendy,Rice,Wendy Rice,Marketing,Brand Specialist,ACTIVE,2021-09-06 00:00:00,2026-06-09 00:00:00,2026-05-19 00:00:00,True,56666f9f-53ac-2ab9-7467-2cd9362f5e5c,regular
00uz7ioabt3818yop3,tasha.valencia@corp.nexusai.com,tasha.valencia@corp.nexusai.com,Tasha,Valencia,Tasha Valencia,Sales,Enterprise Account Executive,ACTIVE,2023-12-06 00:00:00,2026-06-11 00:00:00,2026-05-05 00:00:00,True,78660765-14f7-ce8d-d5bc-b8d04094dded,regular
00upcz2o8ndi6souup,alexander.le@corp.nexusai.com,alexander.le@corp.nexusai.com,Alexander,Le,Alexander Le,Finance,Controller,ACTIVE,2022-03-24 00:00:00,2026-06-14 00:00:00,2026-06-04 00:00:00,True,07f194f9-c115-6d6d-0a4e-5b70a6d964a3,regular
00u97iypqnvf2xf8md,daniel.graham@corp.nexusai.com,daniel.graham@corp.nexusai.com,Daniel,Graham,Daniel Graham,Finance,Accountant,ACTIVE,2024-08-06 00:00:00,2026-06-10 00:00:00,2026-05-08 00:00:00,False,c71d5e60-1d52-06ab-b7e6-427cbf780e3f,regular
00urycem9n4nvtanmh,shawn.mckay@corp.nexusai.com,shawn.mckay@corp.nexusai.com,Shawn,Mckay,Shawn Mckay,Sales,Account Executive,ACTIVE,2020-11-06 00:00:00,2026-06-16 00:00:00,2026-05-30 00:00:00,True,edcb8cb6-0692-dc63-9424-aed51bac5c15,regular
00u4pnzp9usy38wtqx,nancy.baker@corp.nexusai.com,nancy.baker@corp.nexusai.com,Nancy,Baker,Nancy Baker,Operations,Operations Manager,ACTIVE,2022-05-31 00:00:00,2026-06-09 00:00:00,2026-06-01 00:00:00,True,9793b9b4-1374-8146-32c5-bd89b70b3420,regular
00u90sjmvoyp59vq55,vincent.white@corp.nexusai.com,vincent.white@corp.nexusai.com,Vincent,White,Vincent White,HR,HR Specialist,ACTIVE,2020-09-06 00:00:00,2026-06-19 00:00:00,2026-04-27 00:00:00,True,90e0f4a0-fbdd-3933-cbd5-8bf61efd76e9,regular
00u3kwki85l8d7ceda,rita.harrell@corp.nexusai.com,rita.harrell@corp.nexusai.com,Rita,Harrell,Rita Harrell,Marketing,Marketing Manager,ACTIVE,2025-02-23 00:00:00,2025-10-01 00:00:00,2026-05-24 00:00:00,True,11a72609-5edd-bbbf-a959-76636daa2e68,regular
00u890ab7r8sb61lgg,chelsea.hernandez@corp.nexusai.com,chelsea.hernandez@corp.nexusai.com,Chelsea,Hernandez,Chelsea Hernandez,Executive,CTO,ACTIVE,2022-10-06 00:00:00,2025-12-15 00:00:00,2026-05-22 00:00:00,True,a6846099-f729-4951-8591-31d2bbda0242,regular
00utfcfzyy94dakf51,kimberly.moreno@corp.nexusai.com,kimberly.moreno@corp.nexusai.com,Kimberly,Moreno,Kimberly Moreno,Operations,Business Operations Specialist,ACTIVE,2024-01-19 00:00:00,2026-06-09 00:00:00,2026-05-01 00:00:00,True,c01f36bf-3e6d-d58b-7367-c28de1b294de,regular
00uoevzubr25ow9y1l,aaron.nguyen@corp.nexusai.com,aaron.nguyen@corp.nexusai.com,Aaron,Nguyen,Aaron Nguyen,Legal,Contract Specialist,ACTIVE,2020-12-29 00:00:00,2025-07-06 00:00:00,2026-05-18 00:00:00,True,989d9d4a-e15c-a666-4797-b2c957207246,regular
00u2xrgifl129960gb,andrew.hickman@corp.nexusai.com,andrew.hickman@corp.nexusai.com,Andrew,Hickman,Andrew Hickman,Finance,Senior Financial Analyst,ACTIVE,2023-11-23 00:00:00,2026-06-15 00:00:00,2026-05-31 00:00:00,True,680bac63-b856-d035-3dc9-829015eabb27,regular
00uykirtr5jek1r0t4,natasha.decker@corp.nexusai.com,natasha.decker@corp.nexusai.com,Natasha,Decker,Natasha Decker,Security,Threat Intelligence Analyst,ACTIVE,2024-01-25 00:00:00,2026-06-09 00:00:00,2026-05-16 00:00:00,True,6786d506-38ba-8abc-4b53-05e517d2582e,regular
00u2v1itum4ulzus5p,natalie.arroyo@corp.nexusai.com,natalie.arroyo@corp.nexusai.com,Natalie,Arroyo,Natalie Arroyo,Legal,Legal Counsel,ACTIVE,2020-11-23 00:00:00,2025-08-19 00:00:00,2026-06-13 00:00:00,True,4e7ed827-455a-c762-7428-a656b3ee4d3b,regular
00uuyrzxhm8l9b3n2s,christopher.tucker@corp.nexusai.com,christopher.tucker@corp.nexusai.com,Christopher,Tucker,Christopher Tucker,HR,HR Business Partner,ACTIVE,2024-10-07 00:00:00,2026-06-08 00:00:00,2026-05-16 00:00:00,True,b0ae8f08-c31e-dbbc-f36c-b62b892e6161,regular
00u8fgpwkczv1gagqo,chad.hodges@corp.nexusai.com,chad.hodges@corp.nexusai.com,Chad,Hodges,Chad Hodges,Operations,Process Engineer,ACTIVE,2021-04-29 00:00:00,2026-06-14 00:00:00,2026-04-30 00:00:00,True,98c7472a-864e-9a13-c29c-fc0cfa02eaec,regular
00uv3n74w4g22uetch,thomas.pierce@corp.nexusai.com,thomas.pierce@corp.nexusai.com,Thomas,Pierce,Thomas Pierce,Security,Senior Security Analyst,ACTIVE,2022-11-25 00:00:00,2026-06-18 00:00:00,2026-04-25 00:00:00,True,a34b6cf6-2053-da42-f1af-db65b289f224,regular
00ubvgkp7l9kv913oz,joseph.brennan@corp.nexusai.com,joseph.brennan@corp.nexusai.com,Joseph,Brennan,Joseph Brennan,HR,Compensation Analyst,ACTIVE,2024-07-27 00:00:00,2026-06-08 00:00:00,2026-05-10 00:00:00,True,5738811d-70c2-903f-7a8d-03aa782a65e0,regular
00ull1zbm21yannreg,rodney.lewis@corp.nexusai.com,rodney.lewis@corp.nexusai.com,Rodney,Lewis,Rodney Lewis,Operations,Operations Analyst,ACTIVE,2023-04-19 00:00:00,2026-06-08 00:00:00,2026-06-12 00:00:00,False,1d34d08e-7a4c-75d4-dc99-e04cf0e98b3b,regular
00uw3ltfiuhpthlxj6,amber.blair@corp.nexusai.com,amber.blair@corp.nexusai.com,Amber,Blair,Amber Blair,Executive,CTO,ACTIVE,2025-01-07 00:00:00,2026-06-12 00:00:00,2026-05-13 00:00:00,True,15ce6a66-4dc8-2a1e-f2f9-e5fa90164161,regular
00uy0iy1l58l9k5sil,james.collins@corp.nexusai.com,james.collins@corp.nexusai.com,James,Collins,James Collins,IT-Operations,Cloud Engineer,ACTIVE,2021-01-03 00:00:00,2026-06-12 00:00:00,2026-06-01 00:00:00,True,c693da11-39c6-a1ca-9e50-aa42ca6dfda1,regular
00uu2dwa5imy965050,wanda.santos@corp.nexusai.com,wanda.santos@corp.nexusai.com,Wanda,Santos,Wanda Santos,Operations,Operations Manager,ACTIVE,2025-05-12 00:00:00,2026-06-20 00:00:00,2026-05-11 00:00:00,True,96a9954f-dc33-e1f9-4c1f-55ab715629ee,regular
00u96hhr8x8c28n1gp,samuel.holmes@corp.nexusai.com,samuel.holmes@corp.nexusai.com,Samuel,Holmes,Samuel Holmes,Legal,Compliance Officer,ACTIVE,2023-08-10 00:00:00,2026-01-13 00:00:00,2026-04-26 00:00:00,False,c342bd2b-f295-456e-1967-5f06bd767e35,regular
00ujupz5jr0y2efz6r,david.walker@corp.nexusai.com,david.walker@corp.nexusai.com,David,Walker,David Walker,Engineering,Data Engineer,ACTIVE,2023-07-29 00:00:00,2026-06-07 00:00:00,2026-05-09 00:00:00,True,085b15fb-4a8f-f810-784c-2f29980402a2,regular
00urusv9i5vdcg3bhk,jerry.robinson@corp.nexusai.com,jerry.robinson@corp.nexusai.com,Jerry,Robinson,Jerry Robinson,Finance,Financial Analyst,ACTIVE,2021-01-06 00:00:00,2026-06-11 00:00:00,2026-05-20 00:00:00,True,398d1ca6-8b68-70b5-1d61-fac36cd5e859,regular
00u23a1mitkrfxqfxk,chad.welch@corp.nexusai.com,chad.welch@corp.nexusai.com,Chad,Welch,Chad Welch,Sales,Account Executive,ACTIVE,2022-06-24 00:00:00,2025-08-22 00:00:00,2026-05-07 00:00:00,True,9854ce4e-4ebf-a5c3-cae9-b4a72a79ea68,regular
00uije7ak2wnj02nfg,michele.jones@corp.nexusai.com,michele.jones@corp.nexusai.com,Michele,Jones,Michele Jones,Executive,SVP Finance,ACTIVE,2020-08-13 00:00:00,2025-11-17 00:00:00,2026-05-11 00:00:00,True,069f14f1-4018-1c6e-9a8c-fa3c5283aac7,regular
00un76mzsdp5yhp5e7,john.caldwell@corp.nexusai.com,john.caldwell@corp.nexusai.com,John,Caldwell,John Caldwell,Operations,Operations Manager,ACTIVE,2020-10-20 00:00:00,2026-06-15 00:00:00,2026-05-18 00:00:00,True,c3c75611-ffe3-fa49-054f-92fff366bad4,regular
00uz6s601zf88jrftf,jason.anderson@corp.nexusai.com,jason.anderson@corp.nexusai.com,Jason,Anderson,Jason Anderson,Finance,Senior Financial Analyst,ACTIVE,2024-10-24 00:00:00,2026-06-16 00:00:00,2026-05-21 00:00:00,True,ff37d19c-2e76-128b-4735-44f9ea83bf00,regular
00uhaiak5w77qkxirh,selena.duncan@corp.nexusai.com,selena.duncan@corp.nexusai.com,Selena,Duncan,Selena Duncan,Security,Incident Responder,ACTIVE,2023-12-28 00:00:00,2025-12-22 00:00:00,2026-06-17 00:00:00,True,292bd156-db94-6570-1ac7-0ec0ab8ddeb4,regular
00uho6acapc4xyjlc9,thomas.mueller@corp.nexusai.com,thomas.mueller@corp.nexusai.com,Thomas,Mueller,Thomas Mueller,Executive,VP Engineering,ACTIVE,2022-07-27 00:00:00,2026-06-13 00:00:00,2026-05-01 00:00:00,False,409d3602-5084-3242-168b-1625746f7891,regular
00ustuf93axmstp3x5,lindsey.lee@corp.nexusai.com,lindsey.lee@corp.nexusai.com,Lindsey,Lee,Lindsey Lee,Finance,Treasury Analyst,ACTIVE,2025-05-07 00:00:00,2025-07-15 00:00:00,2026-05-02 00:00:00,True,0de051a6-69ca-97d2-7644-14fd8ae769ed,regular
00u5djrfco70x3fg6i,collin.jordan@corp.nexusai.com,collin.jordan@corp.nexusai.com,Collin,Jordan,Collin Jordan,Engineering,Data Engineer,ACTIVE,2024-10-25 00:00:00,2026-06-12 00:00:00,2026-04-25 00:00:00,True,49bc473f-ed7b-f656-218a-15368c99a894,regular
00uzed1ipsquzuu2ro,rodney.owens@corp.nexusai.com,rodney.owens@corp.nexusai.com,Rodney,Owens,Rodney Owens,Finance,Controller,ACTIVE,2025-01-25 00:00:00,2025-07-20 00:00:00,2026-05-15 00:00:00,True,a14923c2-f920-264c-0763-fcd01f15c7b6,regular
00uemigjgk23u0h8wn,jessica.nunez@corp.nexusai.com,jessica.nunez@corp.nexusai.com,Jessica,Nunez,Jessica Nunez,Executive,CFO,ACTIVE,2023-01-12 00:00:00,2026-06-18 00:00:00,2026-05-22 00:00:00,False,03802b70-8d03-c91e-4f8d-5238288b78b5,regular
00u2t3qhfktcnujfpw,tracey.garcia@corp.nexusai.com,tracey.garcia@corp.nexusai.com,Tracey,Garcia,Tracey Garcia,Security,Senior Security Analyst,ACTIVE,2022-11-14 00:00:00,2025-07-19 00:00:00,2026-06-05 00:00:00,True,a5d04d53-1e12-42e3-f272-92b6762172ed,regular
00uimzxfqebem2ifvh,richard.morgan@corp.nexusai.com,richard.morgan@corp.nexusai.com,Richard,Morgan,Richard Morgan,Executive,VP Sales,ACTIVE,2025-05-07 00:00:00,2025-08-07 00:00:00,2026-05-25 00:00:00,True,74eff545-3e65-2603-78e3-654bfaf14ff0,regular
00uc3dk1z5by1lwnlr,michelle.wright@corp.nexusai.com,michelle.wright@corp.nexusai.com,Michelle,Wright,Michelle Wright,Operations,Operations Analyst,ACTIVE,2021-04-09 00:00:00,2026-06-18 00:00:00,2026-05-06 00:00:00,True,11df12d7-dd30-de89-22f2-35f2e11b868d,regular
00u8byw485w6uyrlbu,james.west@corp.nexusai.com,james.west@corp.nexusai.com,James,West,James West,Sales,Account Executive,ACTIVE,2023-05-19 00:00:00,2026-06-17 00:00:00,2026-06-12 00:00:00,False,d664d264-4c6e-27ff-b9de-7a3a486822b9,regular
00ulpuwbwjm58tl5cf,robert.ramirez@corp.nexusai.com,robert.ramirez@corp.nexusai.com,Robert,Ramirez,Robert Ramirez,Executive,CTO,ACTIVE,2024-07-25 00:00:00,2026-06-11 00:00:00,2026-05-14 00:00:00,True,551ac8ea-585a-0afa-7bfd-cc1289e06ab3,regular
00u9wolytsilazcluo,john.leblanc@corp.nexusai.com,john.leblanc@corp.nexusai.com,John,Leblanc,John Leblanc,Sales,Regional Sales Director,ACTIVE,2023-02-20 00:00:00,2026-02-04 00:00:00,2026-04-29 00:00:00,True,db23aa8c-3bca-bf85-620a-60ac9261549d,regular
00ug5jvepwukfv2aqn,scott.callahan@corp.nexusai.com,scott.callahan@corp.nexusai.com,Scott,Callahan,Scott Callahan,Sales,Regional Sales Director,ACTIVE,2022-02-27 00:00:00,2026-06-11 00:00:00,2026-05-22 00:00:00,True,fd08b32c-62d6-0e93-6198-5d54cfb87e6f,regular
00upewqgady20k05yw,andrea.williams@corp.nexusai.com,andrea.williams@corp.nexusai.com,Andrea,Williams,Andrea Williams,HR,Compensation Analyst,ACTIVE,2021-06-28 00:00:00,2026-06-07 00:00:00,2026-05-07 00:00:00,True,f72169bb-8096-2718-2051-acef097a1e10,regular
00uke9fv4b1k1kdgvn,yvette.huff@corp.nexusai.com,yvette.huff@corp.nexusai.com,Yvette,Huff,Yvette Huff,HR,HR Business Partner,ACTIVE,2021-08-25 00:00:00,2026-06-08 00:00:00,2026-05-20 00:00:00,True,1986b4b2-70b7-e868-d854-80f0dfcaf0b7,regular
00um098qstpgdz95jd,tanya.house@corp.nexusai.com,tanya.house@corp.nexusai.com,Tanya,House,Tanya House,Executive,SVP Finance,ACTIVE,2022-06-17 00:00:00,2026-06-18 00:00:00,2026-04-25 00:00:00,True,1327f1bc-2784-378f-f84f-16b3a79fbfaf,regular
00u45qf8ylxyxl2cq2,melinda.martin@corp.nexusai.com,melinda.martin@corp.nexusai.com,Melinda,Martin,Melinda Martin,Marketing,Marketing Analyst,ACTIVE,2020-11-04 00:00:00,2025-01-21 00:00:00,2026-06-10 00:00:00,True,889b78d5-dbfd-d97e-aca2-b148da330aa1,regular
00u3qordjgfw80o9dy,todd.lewis@corp.nexusai.com,todd.lewis@corp.nexusai.com,Todd,Lewis,Todd Lewis,Finance,Controller,ACTIVE,2021-02-19 00:00:00,2026-06-15 00:00:00,2026-05-05 00:00:00,True,9e11d2cd-0930-aef6-8a80-068ddf547e50,regular
00u1f1mjquefy9z9ur,richard.brown@corp.nexusai.com,richard.brown@corp.nexusai.com,Richard,Brown,Richard Brown,Marketing,Marketing Manager,ACTIVE,2024-02-17 00:00:00,2026-06-13 00:00:00,2026-04-30 00:00:00,True,b4323070-a23d-4c2f-c2a7-96891933918c,regular
00u73a70h0jjgggs8w,nicholas.galloway@corp.nexusai.com,nicholas.galloway@corp.nexusai.com,Nicholas,Galloway,Nicholas Galloway,Executive,VP Engineering,ACTIVE,2021-05-23 00:00:00,2026-06-17 00:00:00,2026-06-02 00:00:00,False,0769165f-e746-ccb9-4ca9-cf07b1aa0f6a,regular
00u0qy54clrzjzczvp,joseph.bowers@corp.nexusai.com,joseph.bowers@corp.nexusai.com,Joseph,Bowers,Joseph Bowers,Finance,Treasury Analyst,ACTIVE,2023-02-05 00:00:00,2025-01-24 00:00:00,2026-06-07 00:00:00,True,697c3923-87fa-841a-3e83-b91f25440fe0,regular
00u0fm2n057xd6ket6,spencer.henderson@corp.nexusai.com,spencer.henderson@corp.nexusai.com,Spencer,Henderson,Spencer Henderson,Legal,Legal Counsel,ACTIVE,2021-05-08 00:00:00,2026-06-20 00:00:00,2026-05-24 00:00:00,False,9549c931-e9af-299d-7f67-1eec3da70577,regular
00uzi7blmmdpc3dxmr,susan.cowan@corp.nexusai.com,susan.cowan@corp.nexusai.com,Susan,Cowan,Susan Cowan,Legal,Contract Specialist,ACTIVE,2020-11-24 00:00:00,2026-06-07 00:00:00,2026-06-07 00:00:00,True,771ad655-cdfc-6ee0-e61e-de900267deb3,regular
00ubydknoonr06ba4i,angela.higgins@corp.nexusai.com,angela.higgins@corp.nexusai.com,Angela,Higgins,Angela Higgins,Operations,Operations Analyst,ACTIVE,2024-01-19 00:00:00,2026-06-12 00:00:00,2026-05-25 00:00:00,True,b0b862ef-6c9f-82b9-f647-8986a3917c99,regular
00u6x9stg4evrurqtm,eric.phillips@corp.nexusai.com,eric.phillips@corp.nexusai.com,Eric,Phillips,Eric Phillips,Finance,Finance Manager,ACTIVE,2022-10-09 00:00:00,2026-06-17 00:00:00,2026-06-12 00:00:00,True,4bbe4aff-9326-dffd-5be4-bf5192698698,regular
00uj7pdzuib5sq0zyc,tanya.riley@corp.nexusai.com,tanya.riley@corp.nexusai.com,Tanya,Riley,Tanya Riley,Sales,Account Executive,ACTIVE,2024-08-07 00:00:00,2026-06-17 00:00:00,2026-05-02 00:00:00,True,dd750e98-90e0-b95f-0212-b554464458b4,regular
00uwot0vxqs3h4de4m,amy.adkins@corp.nexusai.com,amy.adkins@corp.nexusai.com,Amy,Adkins,Amy Adkins,Engineering,Engineering Manager,ACTIVE,2022-11-23 00:00:00,2025-01-27 00:00:00,2026-06-12 00:00:00,True,3ae909fe-cc82-18da-c696-f5e64944051b,regular
00uluda2rnkk5fi11z,brian.silva@corp.nexusai.com,brian.silva@corp.nexusai.com,Brian,Silva,Brian Silva,IT-Operations,Network Engineer,ACTIVE,2023-11-19 00:00:00,2026-06-12 00:00:00,2026-04-25 00:00:00,True,2303f6c6-d69d-42f1-ae4c-84ffa8c01f05,regular
00uowtigy6tkects37,wesley.farrell@corp.nexusai.com,wesley.farrell@corp.nexusai.com,Wesley,Farrell,Wesley Farrell,Operations,Supply Chain Analyst,ACTIVE,2021-07-06 00:00:00,2025-10-06 00:00:00,2026-05-12 00:00:00,True,e8dd5e5a-1712-fb16-21a4-344fbb7bee03,regular
00ummq7mw0skc95n4v,brooke.leonard@corp.nexusai.com,brooke.leonard@corp.nexusai.com,Brooke,Leonard,Brooke Leonard,Executive,CISO,ACTIVE,2025-03-24 00:00:00,2026-06-07 00:00:00,2026-05-12 00:00:00,True,77e490c7-1d7b-c313-cde2-2f1c56b60afc,regular
00uglcsxu1hgcaikvw,joe.wilson@corp.nexusai.com,joe.wilson@corp.nexusai.com,Joe,Wilson,Joe Wilson,Legal,Contract Specialist,ACTIVE,2021-01-03 00:00:00,2025-12-28 00:00:00,2026-06-17 00:00:00,False,8eac0a33-cdf9-74a7-d882-b5c1f79efd70,regular
00udkg042lywbi45h0,brooke.harvey@corp.nexusai.com,brooke.harvey@corp.nexusai.com,Brooke,Harvey,Brooke Harvey,Executive,VP Engineering,ACTIVE,2021-04-16 00:00:00,2026-06-13 00:00:00,2026-05-21 00:00:00,True,78b2b549-3bdb-c09e-acc2-16a01bbc91f7,regular
00u2cequa7ov77g1p4,robert.silva@corp.nexusai.com,robert.silva@corp.nexusai.com,Robert,Silva,Robert Silva,IT-Operations,Cloud Engineer,ACTIVE,2020-07-30 00:00:00,2026-06-19 00:00:00,2026-04-25 00:00:00,True,a2a9d4d8-102e-fde5-a5cc-8bf738ab854c,regular
00uvrd6o9yzpf322f5,alexandra.donovan@corp.nexusai.com,alexandra.donovan@corp.nexusai.com,Alexandra,Donovan,Alexandra Donovan,IT-Operations,IT Manager,ACTIVE,2022-05-03 00:00:00,2025-06-07 00:00:00,2026-05-15 00:00:00,True,1dba1267-7e1c-a5a1-fef5-18a64dead645,regular
00u2uh5bgz0c99aft6,james.moran@corp.nexusai.com,james.moran@corp.nexusai.com,James,Moran,James Moran,Security,Threat Intelligence Analyst,ACTIVE,2024-10-19 00:00:00,2026-06-10 00:00:00,2026-05-02 00:00:00,True,b24cc64f-be3e-6e57-f30a-9e32aba4fc03,regular
00u9n3vxdo3v94x2hg,john.foster@corp.nexusai.com,john.foster@corp.nexusai.com,John,Foster,John Foster,Operations,Process Engineer,ACTIVE,2020-08-22 00:00:00,2026-06-13 00:00:00,2026-05-11 00:00:00,True,d56ce8ea-1959-7b5a-a7a8-f6366a35df59,regular
00uzn3mvg0ch236i5a,emily.evans@corp.nexusai.com,emily.evans@corp.nexusai.com,Emily,Evans,Emily Evans,IT-Operations,Network Engineer,ACTIVE,2023-07-20 00:00:00,2026-06-20 00:00:00,2026-06-18 00:00:00,True,5cd8fe1a-dafe-c8a9-3c71-e0bef3579560,regular
00u7d9146lligyu6y0,leslie.walton@corp.nexusai.com,leslie.walton@corp.nexusai.com,Leslie,Walton,Leslie Walton,Security,Senior Security Analyst,ACTIVE,2025-03-02 00:00:00,2026-06-11 00:00:00,2026-05-27 00:00:00,True,a5135ea0-fa53-e34d-e6d5-901d8b621d41,regular
00ujddmrksqjdsn8cw,charles.ellis@corp.nexusai.com,charles.ellis@corp.nexusai.com,Charles,Ellis,Charles Ellis,Marketing,Marketing Manager,ACTIVE,2023-05-23 00:00:00,2026-06-13 00:00:00,2026-05-20 00:00:00,False,0cf2b69b-0577-aea9-f899-924698de8ebb,regular
00ux8mms2lell6hyc1,charles.lewis@corp.nexusai.com,charles.lewis@corp.nexusai.com,Charles,Lewis,Charles Lewis,Sales,Sales Development Rep,ACTIVE,2023-07-30 00:00:00,2026-06-20 00:00:00,2026-05-10 00:00:00,True,989240ac-e689-33a9-c9e4-8e8c25c61c45,regular
00ur9qikqav3jcjudt,nicole.suarez@corp.nexusai.com,nicole.suarez@corp.nexusai.com,Nicole,Suarez,Nicole Suarez,Security,Incident Responder,ACTIVE,2023-01-26 00:00:00,2026-06-16 00:00:00,2026-05-04 00:00:00,True,21bddb41-0699-8731-ddcf-8766a93b12cd,regular
00u59weu7ol7e6k088,mike.moore@corp.nexusai.com,mike.moore@corp.nexusai.com,Mike,Moore,Mike Moore,Legal,Paralegal,ACTIVE,2020-09-03 00:00:00,2026-06-11 00:00:00,2026-05-14 00:00:00,True,20733f6d-0d6a-05b3-43ef-20162c9b662e,regular
00uw2ppcuyhyq8sb7x,martha.warner@corp.nexusai.com,martha.warner@corp.nexusai.com,Martha,Warner,Martha Warner,Marketing,Demand Generation Manager,ACTIVE,2021-06-14 00:00:00,2026-06-11 00:00:00,2026-05-14 00:00:00,True,38b77c07-80fb-9296-73b6-a09b1beaf6ac,regular
00uejb3vcfedlq9eoq,cheryl.archer@corp.nexusai.com,cheryl.archer@corp.nexusai.com,Cheryl,Archer,Cheryl Archer,Operations,Supply Chain Analyst,ACTIVE,2025-02-09 00:00:00,2025-06-04 00:00:00,2026-06-10 00:00:00,True,ffa361be-0f92-40e1-07f9-7d05f6ca6b8b,regular
00u59glfri8mqeeb6b,daniel.tran@corp.nexusai.com,daniel.tran@corp.nexusai.com,Daniel,Tran,Daniel Tran,Sales,Account Executive,ACTIVE,2020-09-06 00:00:00,2026-06-16 00:00:00,2026-05-12 00:00:00,True,4140752c-aa44-8259-5001-8b7b6d4067f4,regular
00uznc9q884jxzosi3,jennifer.harris@corp.nexusai.com,jennifer.harris@corp.nexusai.com,Jennifer,Harris,Jennifer Harris,Executive,SVP Finance,ACTIVE,2020-09-29 00:00:00,2026-06-17 00:00:00,2026-06-13 00:00:00,False,0f5ae9d3-8e6e-5003-214f-3f12cfd01cbd,regular
00u4wco5oeqxocn7xy,cynthia.baker@corp.nexusai.com,cynthia.baker@corp.nexusai.com,Cynthia,Baker,Cynthia Baker,HR,Talent Acquisition Specialist,ACTIVE,2025-03-22 00:00:00,2026-06-18 00:00:00,2026-04-27 00:00:00,True,ea74bb18-de3b-496f-6c45-96f6c012a0ff,regular
00u43ccug7rq8lyyxe,tracy.whitehead@corp.nexusai.com,tracy.whitehead@corp.nexusai.com,Tracy,Whitehead,Tracy Whitehead,Operations,Supply Chain Analyst,ACTIVE,2024-08-13 00:00:00,2025-09-27 00:00:00,2026-06-17 00:00:00,True,279c658a-3676-0ce5-81e5-c9f693f277cc,regular
00u7qyo7zww54a6i2k,meghan.davis@corp.nexusai.com,meghan.davis@corp.nexusai.com,Meghan,Davis,Meghan Davis,Operations,Operations Analyst,ACTIVE,2023-02-04 00:00:00,2026-06-19 00:00:00,2026-05-10 00:00:00,True,47503f1d-c33a-1f6c-1d69-1fba5e187b24,regular
00u7zbsfn244ko0jl6,adam.wise@corp.nexusai.com,adam.wise@corp.nexusai.com,Adam,Wise,Adam Wise,Sales,Sales Manager,ACTIVE,2024-04-17 00:00:00,2026-06-11 00:00:00,2026-04-30 00:00:00,True,45f50c52-2e2f-bf77-0769-79d644777442,regular
00uqkv3eoyyigbm760,dana.green@corp.nexusai.com,dana.green@corp.nexusai.com,Dana,Green,Dana Green,Finance,Treasury Analyst,ACTIVE,2024-11-15 00:00:00,2026-06-11 00:00:00,2026-05-16 00:00:00,True,2e709838-0190-2620-59dc-abd056febfb9,regular
00uywg1iq4ofs80qma,joyce.arnold@corp.nexusai.com,joyce.arnold@corp.nexusai.com,Joyce,Arnold,Joyce Arnold,Finance,Accountant,ACTIVE,2023-01-13 00:00:00,2026-06-13 00:00:00,2026-05-29 00:00:00,True,604e46cb-3712-f2d1-87cd-b6a1bf012e32,regular
00u81xrzn0994lx994,ronald.smith@corp.nexusai.com,ronald.smith@corp.nexusai.com,Ronald,Smith,Ronald Smith,Sales,Sales Manager,ACTIVE,2021-08-08 00:00:00,2026-06-11 00:00:00,2026-04-25 00:00:00,True,98a21f1c-914d-cfae-f100-13a7c6deb2f0,regular
00u7sdl52am7smc67o,rebecca.gardner@corp.nexusai.com,rebecca.gardner@corp.nexusai.com,Rebecca,Gardner,Rebecca Gardner,IT-Operations,Infrastructure Engineer,ACTIVE,2024-02-14 00:00:00,2026-06-14 00:00:00,2026-05-11 00:00:00,True,ad9fb00d-4882-d73c-1c63-45ab6e0ed1e8,regular
00ukcxpakfrzwzzm7a,mary.aguilar@corp.nexusai.com,mary.aguilar@corp.nexusai.com,Mary,Aguilar,Mary Aguilar,Legal,Paralegal,ACTIVE,2023-11-28 00:00:00,2026-06-13 00:00:00,2026-06-18 00:00:00,True,0e0630cd-996d-5c50-fc04-a168652ffb49,regular
00uef9s9wwrom3zaql,earl.anderson@corp.nexusai.com,earl.anderson@corp.nexusai.com,Earl,Anderson,Earl Anderson,Executive,CTO,ACTIVE,2020-10-17 00:00:00,2026-06-16 00:00:00,2026-05-25 00:00:00,True,c3a00c6f-2321-d1e1-c471-04c036136e15,regular
00uhqeyoou0w78aqps,kyle.nolan@corp.nexusai.com,kyle.nolan@corp.nexusai.com,Kyle,Nolan,Kyle Nolan,Marketing,Demand Generation Manager,ACTIVE,2024-10-31 00:00:00,2026-06-11 00:00:00,2026-05-09 00:00:00,False,8f0881ee-8011-316b-3ae8-8926b423ccde,regular
00unompwjghf5a8c4x,laura.valencia@corp.nexusai.com,laura.valencia@corp.nexusai.com,Laura,Valencia,Laura Valencia,Finance,Controller,ACTIVE,2020-10-17 00:00:00,2026-06-20 00:00:00,2026-05-29 00:00:00,True,5024bdc6-dcb3-3df3-13ee-cdc6ebd14d2c,regular
00uu5r5l6rzoid7148,rachel.clark@corp.nexusai.com,rachel.clark@corp.nexusai.com,Rachel,Clark,Rachel Clark,Sales,Enterprise Account Executive,ACTIVE,2024-10-09 00:00:00,2026-06-13 00:00:00,2026-06-17 00:00:00,True,f758dce2-0556-daea-67b0-32831d7c0098,regular
00uzr2liogrp91ymjj,john.garcia@corp.nexusai.com,john.garcia@corp.nexusai.com,John,Garcia,John Garcia,Security,Incident Responder,ACTIVE,2021-11-20 00:00:00,2026-06-15 00:00:00,2026-05-12 00:00:00,True,1422373f-8622-68d1-6683-e10796c044d0,regular
00u4al05i78u5tq9dz,kimberly.henson@corp.nexusai.com,kimberly.henson@corp.nexusai.com,Kimberly,Henson,Kimberly Henson,Executive,CISO,ACTIVE,2024-02-13 00:00:00,2026-06-08 00:00:00,2026-05-15 00:00:00,False,c77444cb-5543-fc3c-38b8-f24e56ea57b3,regular
00ugkdnq4g2vqxx99q,richard.oliver@corp.nexusai.com,richard.oliver@corp.nexusai.com,Richard,Oliver,Richard Oliver,IT-Operations,IT Manager,ACTIVE,2024-11-11 00:00:00,2026-06-18 00:00:00,2026-05-31 00:00:00,True,59e1ac09-5970-a859-c6b6-e4ade7ea8d5a,regular
00ukv0zefkvouusrzr,eric.spears@corp.nexusai.com,eric.spears@corp.nexusai.com,Eric,Spears,Eric Spears,Operations,Operations Analyst,ACTIVE,2022-10-02 00:00:00,2026-06-12 00:00:00,2026-04-24 00:00:00,True,c257cf73-c29d-782b-2722-796e9a36d1ec,regular
00u2ii7kbcwu438r92,lisa.keith@corp.nexusai.com,lisa.keith@corp.nexusai.com,Lisa,Keith,Lisa Keith,HR,Compensation Analyst,ACTIVE,2023-11-24 00:00:00,2026-06-16 00:00:00,2026-05-17 00:00:00,True,f891b0c3-dd3f-487e-52bd-c6619fe0a8c7,regular
00u7rs8r0melish32r,martin.galvan@corp.nexusai.com,martin.galvan@corp.nexusai.com,Martin,Galvan,Martin Galvan,Sales,Sales Manager,ACTIVE,2023-07-09 00:00:00,2026-06-11 00:00:00,2026-04-26 00:00:00,True,98159d6c-9d71-3084-171d-abf9daf481a7,regular
00urze84lmqyahpy2p,leah.shields@corp.nexusai.com,leah.shields@corp.nexusai.com,Leah,Shields,Leah Shields,Engineering,QA Engineer,ACTIVE,2024-01-20 00:00:00,2026-06-14 00:00:00,2026-05-16 00:00:00,False,30307633-a6de-d1d8-9258-17b7cf501889,regular
00udnhp1uakrhzpac4,lisa.adams@corp.nexusai.com,lisa.adams@corp.nexusai.com,Lisa,Adams,Lisa Adams,IT-Operations,IT Support Specialist,ACTIVE,2022-02-23 00:00:00,2026-06-17 00:00:00,2026-04-29 00:00:00,True,15969802-b6dd-6257-fb7d-9f1c57eb89b1,regular
00u9w2mbywiqc529s8,kristin.rodriguez@corp.nexusai.com,kristin.rodriguez@corp.nexusai.com,Kristin,Rodriguez,Kristin Rodriguez,Engineering,DevOps Engineer,ACTIVE,2022-03-23 00:00:00,2025-06-21 00:00:00,2026-04-27 00:00:00,True,eafde7d9-5f73-3a3e-5d28-6aa428a39779,regular
00u5ml8wu3r9ke7j2s,monica.garrison@corp.nexusai.com,monica.garrison@corp.nexusai.com,Monica,Garrison,Monica Garrison,Engineering,DevOps Engineer,ACTIVE,2021-02-27 00:00:00,2026-06-08 00:00:00,2026-05-16 00:00:00,True,55ab946d-a5b5-cdc2-a181-c85eca0ac6ac,regular
00u0uhg7ecilcmg5mg,jeffrey.velasquez@corp.nexusai.com,jeffrey.velasquez@corp.nexusai.com,Jeffrey,Velasquez,Jeffrey Velasquez,HR,HR Business Partner,ACTIVE,2024-10-03 00:00:00,2026-06-09 00:00:00,2026-06-17 00:00:00,True,f6e39356-a814-9562-da00-3f16b9469bcf,regular
00udr7ceten7ggo8ym,steven.torres@corp.nexusai.com,steven.torres@corp.nexusai.com,Steven,Torres,Steven Torres,Sales,Regional Sales Director,ACTIVE,2025-05-26 00:00:00,2026-06-14 00:00:00,2026-05-19 00:00:00,True,a981b098-b2cf-952d-a7f3-33b3f7baf55e,regular
00uz6vk82wu9ux01up,laura.perez@corp.nexusai.com,laura.perez@corp.nexusai.com,Laura,Perez,Laura Perez,HR,Talent Acquisition Specialist,ACTIVE,2025-04-17 00:00:00,2026-06-08 00:00:00,2026-04-24 00:00:00,True,b3ecb951-ab8c-bf97-20b7-1785d02ce0c1,regular
00u8ny9qx22zacsb7i,andrew.lee@corp.nexusai.com,andrew.lee@corp.nexusai.com,Andrew,Lee,Andrew Lee,Engineering,Senior Software Engineer,ACTIVE,2021-05-17 00:00:00,2026-06-08 00:00:00,2026-06-12 00:00:00,False,822c4d32-6c64-5c15-aba3-01cba561e1e9,regular
00upoqtfzneu4l5gtc,mark.lin@corp.nexusai.com,mark.lin@corp.nexusai.com,Mark,Lin,Mark Lin,Executive,SVP Finance,ACTIVE,2024-04-12 00:00:00,2026-06-10 00:00:00,2026-05-07 00:00:00,True,27aa7cbc-2337-7bbc-fffe-77c839feb99c,regular
00u6ojdz26fo1szjiv,tammy.ramirez@corp.nexusai.com,tammy.ramirez@corp.nexusai.com,Tammy,Ramirez,Tammy Ramirez,IT-Operations,Systems Administrator,ACTIVE,2022-02-16 00:00:00,2026-06-07 00:00:00,2026-05-18 00:00:00,True,e05b46c5-5636-3094-a974-31db09a9d1c1,regular
00uf4d9zqfz61ii49m,darlene.ross@corp.nexusai.com,darlene.ross@corp.nexusai.com,Darlene,Ross,Darlene Ross,Executive,VP Sales,ACTIVE,2021-08-12 00:00:00,2026-06-15 00:00:00,2026-06-04 00:00:00,True,9feefdff-c566-aa81-b15e-54f6d4d30795,regular
00u8nn87q94jby7cqk,tara.white@corp.nexusai.com,tara.white@corp.nexusai.com,Tara,White,Tara White,Operations,Operations Manager,ACTIVE,2022-09-25 00:00:00,2026-06-07 00:00:00,2026-06-08 00:00:00,False,70cafdd8-fc04-3f08-9207-0158f2771f63,regular
00udsmrd3aeyrxgbsy,sydney.baker@corp.nexusai.com,sydney.baker@corp.nexusai.com,Sydney,Baker,Sydney Baker,Engineering,Data Engineer,ACTIVE,2024-09-11 00:00:00,2026-06-20 00:00:00,2026-06-19 00:00:00,True,331f63fb-d11f-c8c0-297c-a4fff75d599f,regular
00ubwwwtp6rdqyb9ro,daniel.hamilton@corp.nexusai.com,daniel.hamilton@corp.nexusai.com,Daniel,Hamilton,Daniel Hamilton,Sales,Account Executive,ACTIVE,2025-05-24 00:00:00,2025-04-22 00:00:00,2026-06-16 00:00:00,True,8412a335-d88c-656d-b61e-5fdb1a435206,regular
00u8mit7i1jkue98hl,jessica.edwards@corp.nexusai.com,jessica.edwards@corp.nexusai.com,Jessica,Edwards,Jessica Edwards,Engineering,DevOps Engineer,ACTIVE,2020-07-29 00:00:00,2026-06-20 00:00:00,2026-05-16 00:00:00,True,d4bf7a4b-25b8-a42f-836b-15c7e7c225da,regular
00urooobwf4i64xly5,paul.ray@corp.nexusai.com,paul.ray@corp.nexusai.com,Paul,Ray,Paul Ray,Engineering,Software Engineer,ACTIVE,2021-01-20 00:00:00,2026-06-12 00:00:00,2026-05-27 00:00:00,False,519554e3-0737-4c86-397b-5f515ffa46ef,regular
00uu3p1zcyuz87c7g2,jonathan.fletcher@corp.nexusai.com,jonathan.fletcher@corp.nexusai.com,Jonathan,Fletcher,Jonathan Fletcher,Sales,Sales Manager,ACTIVE,2023-08-14 00:00:00,2026-06-19 00:00:00,2026-05-06 00:00:00,True,d4c3a832-b231-c60b-78f2-ce6bd46b415d,regular
00u3cp78zc9y7dms2z,aaron.frost@corp.nexusai.com,aaron.frost@corp.nexusai.com,Aaron,Frost,Aaron Frost,Sales,Account Executive,ACTIVE,2020-07-29 00:00:00,2026-06-15 00:00:00,2026-04-29 00:00:00,True,3735262d-4184-3b03-04dd-7054144823f7,regular
00u2bl3m3fqukhfh2x,amanda.ball@corp.nexusai.com,amanda.ball@corp.nexusai.com,Amanda,Ball,Amanda Ball,Marketing,Marketing Manager,ACTIVE,2024-03-14 00:00:00,2026-06-18 00:00:00,2026-04-24 00:00:00,False,3d0a5f0c-0c39-4ec7-1f31-74054d183eba,regular
00uslhimaqa3558a5p,judy.lambert@corp.nexusai.com,judy.lambert@corp.nexusai.com,Judy,Lambert,Judy Lambert,IT-Operations,IT Manager,ACTIVE,2024-09-30 00:00:00,2026-06-10 00:00:00,2026-06-18 00:00:00,True,93364f7e-83ef-a9f3-a1c7-cc8a04351b64,regular
00uctvfdg0lks9l3xc,michael.jones@corp.nexusai.com,michael.jones@corp.nexusai.com,Michael,Jones,Michael Jones,Executive,COO,ACTIVE,2023-05-20 00:00:00,2026-06-11 00:00:00,2026-04-26 00:00:00,True,8603156a-15ea-cbcf-ab10-21ceaa143cd8,regular
00usqett69uahvvzbl,lee.charles@corp.nexusai.com,lee.charles@corp.nexusai.com,Lee,Charles,Lee Charles,Executive,CTO,ACTIVE,2023-03-02 00:00:00,2026-01-17 00:00:00,2026-06-01 00:00:00,True,1a89b71e-a0d5-72c8-a837-fe68bba205ca,regular
00u7tu98bnvwejrbvy,jennifer.evans@corp.nexusai.com,jennifer.evans@corp.nexusai.com,Jennifer,Evans,Jennifer Evans,Security,Security Engineer,ACTIVE,2023-02-07 00:00:00,2025-01-23 00:00:00,2026-04-30 00:00:00,True,af475b49-c775-e395-d494-05f02cd2a404,regular
00ulhxcmf26b46jmv4,kyle.ortiz@corp.nexusai.com,kyle.ortiz@corp.nexusai.com,Kyle,Ortiz,Kyle Ortiz,Finance,Treasury Analyst,ACTIVE,2020-09-26 00:00:00,2026-06-20 00:00:00,2026-05-20 00:00:00,True,339b77a8-4b1f-0d7b-0977-c513752a7d25,regular
00uhrjkrha96gn8w9u,richard.phillips@corp.nexusai.com,richard.phillips@corp.nexusai.com,Richard,Phillips,Richard Phillips,Engineering,Principal Engineer,ACTIVE,2023-05-03 00:00:00,2026-06-07 00:00:00,2026-05-06 00:00:00,False,493e904d-30ec-2796-a59b-457fc0d7ac73,regular
00uf1zl2wtvm8f3if3,david.fisher@corp.nexusai.com,david.fisher@corp.nexusai.com,David,Fisher,David Fisher,Security,Security Engineer,ACTIVE,2020-08-14 00:00:00,2025-04-22 00:00:00,2026-05-07 00:00:00,True,7092947d-be49-69ec-6667-d3bbe3b56360,regular
00ue4hw43kswi6gzgu,shelby.byrd@corp.nexusai.com,shelby.byrd@corp.nexusai.com,Shelby,Byrd,Shelby Byrd,Finance,Finance Manager,ACTIVE,2024-05-20 00:00:00,2025-10-06 00:00:00,2026-06-09 00:00:00,True,15260718-cd18-0a82-4447-ceab84ef4324,regular
00ule5h3u9g2ltzegy,raven.gilbert@corp.nexusai.com,raven.gilbert@corp.nexusai.com,Raven,Gilbert,Raven Gilbert,Operations,Supply Chain Analyst,ACTIVE,2020-11-15 00:00:00,2025-09-04 00:00:00,2026-05-03 00:00:00,True,4baf0f5e-a932-0094-53f2-8f11147f6570,regular
00unutt1wfa6zisdx9,kevin.kelley@corp.nexusai.com,kevin.kelley@corp.nexusai.com,Kevin,Kelley,Kevin Kelley,HR,HR Manager,ACTIVE,2023-02-07 00:00:00,2025-06-21 00:00:00,2026-05-22 00:00:00,True,9d66e815-5a41-53b3-e95f-176cdebac186,regular
00u1ifi031l36192yw,aaron.mitchell@corp.nexusai.com,aaron.mitchell@corp.nexusai.com,Aaron,Mitchell,Aaron Mitchell,HR,HR Specialist,ACTIVE,2023-09-20 00:00:00,2026-06-17 00:00:00,2026-05-18 00:00:00,True,07f8d4f0-f3ea-0184-28f4-e3ceadedda80,regular
00u64v0wsskctqd4kd,russell.carpenter@corp.nexusai.com,russell.carpenter@corp.nexusai.com,Russell,Carpenter,Russell Carpenter,Operations,Supply Chain Analyst,ACTIVE,2022-03-27 00:00:00,2026-06-07 00:00:00,2026-06-17 00:00:00,True,2747b93c-9ae7-7eab-084a-67809136f1f8,regular
00uhlj2xlqp5l7cvfj,diana.marshall@corp.nexusai.com,diana.marshall@corp.nexusai.com,Diana,Marshall,Diana Marshall,Security,IAM Engineer,ACTIVE,2024-03-29 00:00:00,2026-06-10 00:00:00,2026-06-05 00:00:00,True,4758367b-a649-9cdc-507b-907265e58f34,regular
00ut48oyy4qj71as2y,scott.lewis@corp.nexusai.com,scott.lewis@corp.nexusai.com,Scott,Lewis,Scott Lewis,Legal,Paralegal,ACTIVE,2023-04-26 00:00:00,2026-06-16 00:00:00,2026-05-25 00:00:00,True,b43bd27f-42a2-59a6-c664-12854303cbc1,regular
00upm7vlu9aaea0g7g,thomas.santana@corp.nexusai.com,thomas.santana@corp.nexusai.com,Thomas,Santana,Thomas Santana,Security,IAM Engineer,ACTIVE,2020-08-31 00:00:00,2026-06-17 00:00:00,2026-06-12 00:00:00,True,2c33350c-73b9-11d8-12f5-131ada52d2ee,regular
00u2wosqmcbfdnhhfi,laura.jackson@corp.nexusai.com,laura.jackson@corp.nexusai.com,Laura,Jackson,Laura Jackson,IT-Operations,Infrastructure Engineer,ACTIVE,2021-01-16 00:00:00,2025-03-29 00:00:00,2026-05-18 00:00:00,True,aaf78c67-51d0-8109-fc90-2838d8741408,regular
00ung2qgceeq2b5jac,cynthia.rogers@corp.nexusai.com,cynthia.rogers@corp.nexusai.com,Cynthia,Rogers,Cynthia Rogers,HR,Talent Acquisition Specialist,ACTIVE,2023-11-26 00:00:00,2026-06-13 00:00:00,2026-06-01 00:00:00,True,7e7838c9-ca55-e38b-3c9a-be10238d6f44,regular
00uvtzdfx8vf3sml9c,loretta.potter@corp.nexusai.com,loretta.potter@corp.nexusai.com,Loretta,Potter,Loretta Potter,IT-Operations,Network Engineer,ACTIVE,2025-04-06 00:00:00,2026-06-09 00:00:00,2026-05-25 00:00:00,True,65edcfe3-4f2d-ad3f-10d4-de39161237c9,regular
00ue8t582bcvdvczhn,emily.walker@corp.nexusai.com,emily.walker@corp.nexusai.com,Emily,Walker,Emily Walker,Engineering,Software Engineer,ACTIVE,2021-04-07 00:00:00,2026-06-14 00:00:00,2026-06-03 00:00:00,True,12fc7a87-a470-4d48-5128-b9b1f8ede0ca,regular
00u738joecj5b4cpia,james.johnson@corp.nexusai.com,james.johnson@corp.nexusai.com,James,Johnson,James Johnson,Engineering,Software Engineer,ACTIVE,2022-08-25 00:00:00,2026-06-20 00:00:00,2026-05-10 00:00:00,True,d43cdd6d-e0c1-ff1e-20da-897258321ee4,regular
00uzuh8iunclvehrj0,john.alvarez@corp.nexusai.com,john.alvarez@corp.nexusai.com,John,Alvarez,John Alvarez,Marketing,Marketing Analyst,ACTIVE,2023-11-27 00:00:00,2026-06-15 00:00:00,2026-05-07 00:00:00,True,84a2576c-1fc9-05f8-d4d6-07350e2f8958,regular
00us04injr720plcl5,melissa.jones@corp.nexusai.com,melissa.jones@corp.nexusai.com,Melissa,Jones,Melissa Jones,Sales,Regional Sales Director,ACTIVE,2023-04-17 00:00:00,2026-06-12 00:00:00,2026-06-05 00:00:00,True,143029a9-d88f-1c94-48b7-63d5e519dd7e,regular
00uj45lkcdxsn1qv3c,robert.soto@corp.nexusai.com,robert.soto@corp.nexusai.com,Robert,Soto,Robert Soto,Sales,Regional Sales Director,ACTIVE,2023-08-12 00:00:00,2025-11-14 00:00:00,2026-05-09 00:00:00,True,9780c215-2b2b-b8e9-a417-c09380a8a23d,regular
00uuohuogp0myoe45d,james.horton@corp.nexusai.com,james.horton@corp.nexusai.com,James,Horton,James Horton,Finance,Senior Financial Analyst,ACTIVE,2022-02-18 00:00:00,2026-06-16 00:00:00,2026-04-29 00:00:00,True,dd20c3bf-d342-af08-0a8b-b5b490494583,regular
00u75n43ra1ppu1oja,troy.sanchez@corp.nexusai.com,troy.sanchez@corp.nexusai.com,Troy,Sanchez,Troy Sanchez,Operations,Process Engineer,ACTIVE,2020-09-06 00:00:00,2026-06-09 00:00:00,2026-06-07 00:00:00,True,07c0d116-a394-ed54-9e3c-5a886aa56e6d,regular
00uwspfb4tk3b33izl,diana.smith@corp.nexusai.com,diana.smith@corp.nexusai.com,Diana,Smith,Diana Smith,Executive,CISO,ACTIVE,2023-05-09 00:00:00,2026-06-13 00:00:00,2026-05-03 00:00:00,True,741b77f5-4c24-a053-67f5-ae02af5b8f47,regular
00u4nouwr61rdexw25,karen.carrillo@corp.nexusai.com,karen.carrillo@corp.nexusai.com,Karen,Carrillo,Karen Carrillo,Sales,Enterprise Account Executive,ACTIVE,2021-12-12 00:00:00,2025-12-17 00:00:00,2026-05-16 00:00:00,True,51beb80e-b7e6-a14c-dc8a-49225005680f,regular
00uhj5jn7bs08i4w02,daniel.coleman@corp.nexusai.com,daniel.coleman@corp.nexusai.com,Daniel,Coleman,Daniel Coleman,Legal,Contract Specialist,ACTIVE,2023-10-22 00:00:00,2026-06-13 00:00:00,2026-06-08 00:00:00,True,1f5d988f-776a-bf09-3de2-885951b1943c,regular
00ubsmebo7v0vu5792,gregory.rubio@corp.nexusai.com,gregory.rubio@corp.nexusai.com,Gregory,Rubio,Gregory Rubio,Security,Senior Security Analyst,ACTIVE,2022-11-06 00:00:00,2026-06-07 00:00:00,2026-06-17 00:00:00,True,6b0ae0e3-9d89-6047-dd39-d7936257a4a2,regular
00u3titkqo4xsdjws3,john.charles@corp.nexusai.com,john.charles@corp.nexusai.com,John,Charles,John Charles,Executive,VP Sales,ACTIVE,2022-09-11 00:00:00,2026-06-09 00:00:00,2026-05-29 00:00:00,True,e10b1a47-7fae-b748-7781-321e83c501cb,regular
00uj3uja86vs4sj2vh,elizabeth.travis@corp.nexusai.com,elizabeth.travis@corp.nexusai.com,Elizabeth,Travis,Elizabeth Travis,Operations,Operations Manager,ACTIVE,2023-07-06 00:00:00,2026-06-15 00:00:00,2026-06-06 00:00:00,True,1b84edc3-d8e0-49de-0217-ea0e896490ab,regular
00u4ci9htbzo2wfudm,caitlin.dodson@corp.nexusai.com,caitlin.dodson@corp.nexusai.com,Caitlin,Dodson,Caitlin Dodson,Engineering,Data Engineer,ACTIVE,2025-04-07 00:00:00,2025-10-03 00:00:00,2026-04-30 00:00:00,False,0d18ab95-668c-8477-0b95-017c5dae1201,regular
00uyxaswwt29fn202s,jennifer.wagner@corp.nexusai.com,jennifer.wagner@corp.nexusai.com,Jennifer,Wagner,Jennifer Wagner,Finance,Senior Financial Analyst,ACTIVE,2020-10-09 00:00:00,2025-10-22 00:00:00,2026-05-30 00:00:00,True,5f89ed12-64d6-dfbf-18c0-1e2bf99f0704,regular
00ul93imlys95ctt59,maria.kelley@corp.nexusai.com,maria.kelley@corp.nexusai.com,Maria,Kelley,Maria Kelley,Security,Senior Security Analyst,ACTIVE,2024-01-05 00:00:00,2026-06-11 00:00:00,2026-06-07 00:00:00,True,09f64405-0b99-0034-0a4e-255280051b10,regular
00u3iwkdrx0wdss7e6,phyllis.manning@corp.nexusai.com,phyllis.manning@corp.nexusai.com,Phyllis,Manning,Phyllis Manning,Marketing,Brand Specialist,ACTIVE,2021-11-10 00:00:00,2026-06-14 00:00:00,2026-05-26 00:00:00,False,9dd2f9de-fd98-fe33-6498-abe92999bbef,regular
00umlgk8uutrxg8wja,thomas.green@corp.nexusai.com,thomas.green@corp.nexusai.com,Thomas,Green,Thomas Green,Engineering,Software Engineer,ACTIVE,2024-04-03 00:00:00,2026-06-19 00:00:00,2026-04-25 00:00:00,True,901bcdef-b56f-f8ce-7d66-971e88476c56,regular
00u789h03ehib4wtxi,john.walsh@corp.nexusai.com,john.walsh@corp.nexusai.com,John,Walsh,John Walsh,IT-Operations,Cloud Engineer,ACTIVE,2022-09-10 00:00:00,2026-06-13 00:00:00,2026-05-07 00:00:00,True,df41e335-b9ae-d8e4-e615-99c8cbf81f86,regular
00u27vltbhoijotini,katie.boyd@corp.nexusai.com,katie.boyd@corp.nexusai.com,Katie,Boyd,Katie Boyd,Marketing,Demand Generation Manager,ACTIVE,2021-08-29 00:00:00,2026-06-12 00:00:00,2026-06-18 00:00:00,False,a7d4cf50-f791-f1e5-43f9-cd6b797ebe87,regular
00uqcetaghnmlwbfjr,courtney.hill@corp.nexusai.com,courtney.hill@corp.nexusai.com,Courtney,Hill,Courtney Hill,Engineering,Data Engineer,ACTIVE,2021-10-03 00:00:00,2026-06-14 00:00:00,2026-05-15 00:00:00,True,0d259caa-b8ad-ad87-3a40-45dd93dfd907,regular
00uagn64xl2glwy1n6,chris.mitchell@corp.nexusai.com,chris.mitchell@corp.nexusai.com,Chris,Mitchell,Chris Mitchell,IT-Operations,Network Engineer,ACTIVE,2021-04-02 00:00:00,2026-06-08 00:00:00,2026-05-08 00:00:00,True,9293f705-0815-0147-3e00-980eae441e21,regular
00uo0huh3h7i5xs9cf,joseph.flores@corp.nexusai.com,joseph.flores@corp.nexusai.com,Joseph,Flores,Joseph Flores,Marketing,Marketing Manager,ACTIVE,2022-01-11 00:00:00,2026-06-19 00:00:00,2026-06-17 00:00:00,True,34323ec6-b0c4-a01c-69b7-c0fa26c432f6,regular
00uu5hys3t2o90s1me,jasmine.brown@corp.nexusai.com,jasmine.brown@corp.nexusai.com,Jasmine,Brown,Jasmine Brown,Operations,Operations Manager,ACTIVE,2022-10-26 00:00:00,2025-03-25 00:00:00,2026-04-25 00:00:00,True,7a768555-a987-b218-ff84-faef5336723b,regular
00umvmzho15rrzw4z5,rick.daniels@corp.nexusai.com,rick.daniels@corp.nexusai.com,Rick,Daniels,Rick Daniels,Finance,Financial Analyst,ACTIVE,2020-06-26 00:00:00,2026-06-13 00:00:00,2026-05-31 00:00:00,False,ae455cc6-b88e-830f-de1e-994ac5a11f5c,regular
00u88bc1hy2uy23ccl,robert.clark@corp.nexusai.com,robert.clark@corp.nexusai.com,Robert,Clark,Robert Clark,Security,IAM Engineer,ACTIVE,2024-08-02 00:00:00,2026-06-20 00:00:00,2026-06-05 00:00:00,True,b4746349-49fc-2cd8-c56b-ad4c4c3077c4,regular
00uywsudbcixwbvyg1,robert.stein@corp.nexusai.com,robert.stein@corp.nexusai.com,Robert,Stein,Robert Stein,Legal,Senior Legal Counsel,ACTIVE,2024-03-06 00:00:00,2026-06-11 00:00:00,2026-05-08 00:00:00,True,92cf6021-1f33-242d-49ac-908746015028,regular
00uww0wdppptfethvk,brandy.dominguez@corp.nexusai.com,brandy.dominguez@corp.nexusai.com,Brandy,Dominguez,Brandy Dominguez,Security,Incident Responder,ACTIVE,2023-03-27 00:00:00,2026-06-16 00:00:00,2026-05-26 00:00:00,True,585abefb-d181-2f77-6500-1423faebcd19,regular
00uug5gnv56vktx1m5,melissa.cannon@corp.nexusai.com,melissa.cannon@corp.nexusai.com,Melissa,Cannon,Melissa Cannon,Legal,Legal Counsel,ACTIVE,2022-08-23 00:00:00,2026-06-16 00:00:00,2026-06-04 00:00:00,True,bf519362-41a6-4fed-a7ed-c8d8713f8f8c,regular
00u41nwet6t18um0zq,omar.smith@corp.nexusai.com,omar.smith@corp.nexusai.com,Omar,Smith,Omar Smith,Marketing,Content Strategist,ACTIVE,2021-12-16 00:00:00,2026-06-12 00:00:00,2026-05-26 00:00:00,True,3d4196fe-963a-8617-bdab-07e79d9d028e,regular
00uxfziph6h77q5fph,robert.adkins@corp.nexusai.com,robert.adkins@corp.nexusai.com,Robert,Adkins,Robert Adkins,Executive,COO,ACTIVE,2024-01-19 00:00:00,2025-03-24 00:00:00,2026-06-10 00:00:00,True,0f25477d-a559-90e7-4910-fade52380bf2,regular
00uuvyp1njglnr20qd,amy.morrison@corp.nexusai.com,amy.morrison@corp.nexusai.com,Amy,Morrison,Amy Morrison,Security,Threat Intelligence Analyst,ACTIVE,2021-02-21 00:00:00,2026-02-19 00:00:00,2026-05-14 00:00:00,True,bd1a8f4b-88ff-bd40-3b72-c86d92fa675f,regular
00uq9ytxh8p2yazqtf,jeffrey.robinson@corp.nexusai.com,jeffrey.robinson@corp.nexusai.com,Jeffrey,Robinson,Jeffrey Robinson,Finance,Controller,ACTIVE,2021-06-06 00:00:00,2026-06-08 00:00:00,2026-05-10 00:00:00,True,d61169a1-ff46-a6bf-094d-916deb6d2fed,regular
00uq6ew09u3bdl2iaz,ryan.johnson@corp.nexusai.com,ryan.johnson@corp.nexusai.com,Ryan,Johnson,Ryan Johnson,Security,IAM Engineer,ACTIVE,2022-03-16 00:00:00,2026-06-08 00:00:00,2026-06-06 00:00:00,True,0997623a-e072-3d96-4a1a-81f5ed10f004,regular
00uz1qjfxkha7135ho,tanner.anderson@corp.nexusai.com,tanner.anderson@corp.nexusai.com,Tanner,Anderson,Tanner Anderson,Legal,Legal Counsel,ACTIVE,2023-12-26 00:00:00,2026-06-14 00:00:00,2026-05-15 00:00:00,True,564cfbd2-bc92-fd81-039b-058c2faabe0b,regular
00unmrs5yi1nnsm0l0,cindy.johnson@corp.nexusai.com,cindy.johnson@corp.nexusai.com,Cindy,Johnson,Cindy Johnson,Operations,Supply Chain Analyst,ACTIVE,2023-01-10 00:00:00,2026-06-17 00:00:00,2026-04-26 00:00:00,True,67ce378f-e5a4-983b-a383-889adb2c6ac8,regular
00u1qeg9ddvp4wcaq6,phillip.elliott@corp.nexusai.com,phillip.elliott@corp.nexusai.com,Phillip,Elliott,Phillip Elliott,Executive,SVP Finance,ACTIVE,2023-11-06 00:00:00,2025-08-27 00:00:00,2026-05-15 00:00:00,True,01bf9e73-3f80-0385-ef92-40b652d78f10,regular
00uytzxi9clqk65v3i,anthony.day@corp.nexusai.com,anthony.day@corp.nexusai.com,Anthony,Day,Anthony Day,HR,HR Manager,ACTIVE,2021-07-04 00:00:00,2026-06-12 00:00:00,2026-04-27 00:00:00,False,92a81713-b90e-d44b-951c-25d54d4c5280,regular
00ufu71jqhuci5rx1s,derek.murray@corp.nexusai.com,derek.murray@corp.nexusai.com,Derek,Murray,Derek Murray,Engineering,Senior Software Engineer,ACTIVE,2022-10-09 00:00:00,2026-06-20 00:00:00,2026-05-24 00:00:00,False,28e333b6-4e8a-dc4b-7724-20411e43fbd2,regular
00uqq7u1ku5j92dmjd,brent.gray@corp.nexusai.com,brent.gray@corp.nexusai.com,Brent,Gray,Brent Gray,HR,Compensation Analyst,ACTIVE,2021-05-12 00:00:00,2026-06-12 00:00:00,2026-06-15 00:00:00,True,a38295d3-1e0e-f546-b0b6-dedf4f9c4027,regular
00uolc4qk31h5c2w95,jason.murphy@corp.nexusai.com,jason.murphy@corp.nexusai.com,Jason,Murphy,Jason Murphy,Engineering,Software Engineer,ACTIVE,2020-09-16 00:00:00,2026-06-15 00:00:00,2026-05-02 00:00:00,True,74797b61-2737-2b52-7a6a-210722319050,regular
00u7l0ep5gvbshzxgu,kathleen.gray@corp.nexusai.com,kathleen.gray@corp.nexusai.com,Kathleen,Gray,Kathleen Gray,Legal,Legal Counsel,ACTIVE,2022-02-05 00:00:00,2025-02-07 00:00:00,2026-05-04 00:00:00,True,c3093b6e-37e9-d2e2-d35a-c07aaa0217d0,regular
00usude9yfzqlpzfbn,karen.decker@corp.nexusai.com,karen.decker@corp.nexusai.com,Karen,Decker,Karen Decker,Sales,Enterprise Account Executive,ACTIVE,2025-06-07 00:00:00,2026-06-13 00:00:00,2026-06-03 00:00:00,True,1cb9b73a-906d-5c8c-ead0-8c8913fe8a29,regular
00ukyzsjht51tiwgx6,zoe.bell@corp.nexusai.com,zoe.bell@corp.nexusai.com,Zoe,Bell,Zoe Bell,HR,Compensation Analyst,ACTIVE,2025-06-13 00:00:00,2026-06-10 00:00:00,2026-05-20 00:00:00,True,720b274b-82a7-f586-e61d-9cde1747f387,regular
00u6v3oj577fs31f4t,debra.harrington@corp.nexusai.com,debra.harrington@corp.nexusai.com,Debra,Harrington,Debra Harrington,Operations,Process Engineer,ACTIVE,2022-10-27 00:00:00,2025-11-29 00:00:00,2026-06-11 00:00:00,True,0592bfa5-b928-e23f-4ee4-334ece920136,regular
00ujitp71sd9ec6g61,denise.webster@corp.nexusai.com,denise.webster@corp.nexusai.com,Denise,Webster,Denise Webster,Sales,Sales Manager,ACTIVE,2020-12-30 00:00:00,2026-06-09 00:00:00,2026-04-25 00:00:00,True,b34c6c73-5833-0b30-6c77-6e950b981ccd,regular
00u0g3qwqf6bh3llzc,stefanie.gonzalez@corp.nexusai.com,stefanie.gonzalez@corp.nexusai.com,Stefanie,Gonzalez,Stefanie Gonzalez,Security,Senior Security Analyst,ACTIVE,2023-05-26 00:00:00,2026-06-20 00:00:00,2026-05-02 00:00:00,True,497ec6d1-081f-c6dc-78d9-a88aef0bea4f,regular
00uzhak43z5txztfii,andrew.hernandez@corp.nexusai.com,andrew.hernandez@corp.nexusai.com,Andrew,Hernandez,Andrew Hernandez,Operations,Process Engineer,ACTIVE,2021-03-17 00:00:00,2026-06-11 00:00:00,2026-05-18 00:00:00,True,5fdcabbf-6b9c-d71c-f6ba-745ba55871e3,regular
00uamhbmbn4jp18mft,david.caldwell@corp.nexusai.com,david.caldwell@corp.nexusai.com,David,Caldwell,David Caldwell,HR,Talent Acquisition Specialist,ACTIVE,2023-03-25 00:00:00,2024-12-28 00:00:00,2026-05-23 00:00:00,True,f6d22a7b-aec7-6a82-148b-4376602a4e57,regular
00u65od7b1u9er04h5,holly.wang@corp.nexusai.com,holly.wang@corp.nexusai.com,Holly,Wang,Holly Wang,Finance,Accountant,ACTIVE,2022-02-06 00:00:00,2026-06-11 00:00:00,2026-05-21 00:00:00,True,6c93a791-8b60-c511-b816-8aebac6a7c85,regular
00u05tpn9dbwqwkl6c,julie.wilson@corp.nexusai.com,julie.wilson@corp.nexusai.com,Julie,Wilson,Julie Wilson,Executive,VP Engineering,ACTIVE,2021-08-07 00:00:00,2026-06-12 00:00:00,2026-05-17 00:00:00,True,1139fa12-34c1-c3ea-3d9c-4e6404015ced,regular
00uev1hoh9o5qvwc9r,lori.oconnell@corp.nexusai.com,lori.oconnell@corp.nexusai.com,Lori,Oconnell,Lori Oconnell,Operations,Operations Analyst,ACTIVE,2022-08-07 00:00:00,2026-06-18 00:00:00,2026-06-18 00:00:00,True,0b531932-bd94-19aa-3ea6-e5b20c760d28,regular
00unxks265gjxvihm2,larry.byrd@corp.nexusai.com,larry.byrd@corp.nexusai.com,Larry,Byrd,Larry Byrd,Engineering,Principal Engineer,ACTIVE,2020-11-24 00:00:00,2026-06-10 00:00:00,2026-06-12 00:00:00,True,d18183d1-ac2b-0cfc-c5c5-1060991121e7,regular
00u70oi10037xb2ja7,jennifer.jones@corp.nexusai.com,jennifer.jones@corp.nexusai.com,Jennifer,Jones,Jennifer Jones,Engineering,Software Engineer,ACTIVE,2024-06-18 00:00:00,2026-06-11 00:00:00,2026-05-28 00:00:00,True,8e4c3ab5-6d5d-0477-adc2-9178a0411612,regular
00u8vyi78snf69t7vk,hannah.burton@corp.nexusai.com,hannah.burton@corp.nexusai.com,Hannah,Burton,Hannah Burton,Engineering,Principal Engineer,ACTIVE,2020-08-29 00:00:00,2026-06-07 00:00:00,2026-05-10 00:00:00,True,89b5aab0-c121-69db-2f12-b150605fb1eb,regular
00ubb8qpt16hdxq6wh,curtis.barton@corp.nexusai.com,curtis.barton@corp.nexusai.com,Curtis,Barton,Curtis Barton,IT-Operations,Network Engineer,ACTIVE,2023-05-16 00:00:00,2026-06-19 00:00:00,2026-05-19 00:00:00,True,0ec0713d-ea2c-7a51-7688-d11fce4758be,regular
00udh2ta3vp8owtsiy,david.riggs@corp.nexusai.com,david.riggs@corp.nexusai.com,David,Riggs,David Riggs,Executive,CFO,ACTIVE,2020-12-27 00:00:00,2025-03-03 00:00:00,2026-05-28 00:00:00,True,891f6912-17ab-b863-5efe-ef4fd8ddbbc0,regular
00u2ex7z97zq51250k,kimberly.reed@corp.nexusai.com,kimberly.reed@corp.nexusai.com,Kimberly,Reed,Kimberly Reed,HR,HR Manager,ACTIVE,2021-01-08 00:00:00,2026-06-10 00:00:00,2026-06-13 00:00:00,True,966be275-c2fe-8954-cdfd-9531302b7831,regular
00uj6i53i67hn34ck9,ross.wood@corp.nexusai.com,ross.wood@corp.nexusai.com,Ross,Wood,Ross Wood,Legal,Paralegal,ACTIVE,2021-10-06 00:00:00,2026-06-10 00:00:00,2026-06-07 00:00:00,True,e8334da5-de95-d695-3579-c1437ab99428,regular
00uxh0hhxsc7jhxtxt,william.peterson@corp.nexusai.com,william.peterson@corp.nexusai.com,William,Peterson,William Peterson,Operations,Supply Chain Analyst,ACTIVE,2025-05-07 00:00:00,2025-04-09 00:00:00,2026-05-25 00:00:00,True,bf337a15-1e08-6f20-bdd1-51b0f64ab6ec,regular
00uf0yozv8c2rfkbt9,melissa.short@corp.nexusai.com,melissa.short@corp.nexusai.com,Melissa,Short,Melissa Short,IT-Operations,Systems Administrator,ACTIVE,2023-11-11 00:00:00,2026-06-08 00:00:00,2026-06-13 00:00:00,True,a6129a1c-889d-4b76-775c-30b561730c48,regular
00uc5bv1l0b7uyqfhg,daniel.yu@corp.nexusai.com,daniel.yu@corp.nexusai.com,Daniel,Yu,Daniel Yu,Finance,Finance Manager,ACTIVE,2025-06-19 00:00:00,2026-06-19 00:00:00,2026-05-15 00:00:00,True,51facefa-d6f8-9f7a-c2fa-1da878308631,regular
00u8ksjlqfjt0kdulb,cynthia.poole@corp.nexusai.com,cynthia.poole@corp.nexusai.com,Cynthia,Poole,Cynthia Poole,Engineering,Engineering Manager,ACTIVE,2021-07-07 00:00:00,2025-02-08 00:00:00,2026-04-23 00:00:00,True,0426fcc9-255b-30e2-bdc2-b74b38a56b49,regular
00udtyguj0uqyhdmpp,jessica.sheppard@corp.nexusai.com,jessica.sheppard@corp.nexusai.com,Jessica,Sheppard,Jessica Sheppard,Executive,VP Sales,ACTIVE,2022-02-06 00:00:00,2026-06-17 00:00:00,2026-05-31 00:00:00,True,3ee82983-d557-4241-91dd-b9bf613d2de9,regular
00uobr9gp9it02f6nj,joseph.morton@corp.nexusai.com,joseph.morton@corp.nexusai.com,Joseph,Morton,Joseph Morton,IT-Operations,Infrastructure Engineer,ACTIVE,2024-02-20 00:00:00,2026-06-15 00:00:00,2026-05-05 00:00:00,True,b93b17fb-f76d-15fd-7d16-45a0d253d966,regular
00un6sck8etfzhi9r1,amanda.webb@corp.nexusai.com,amanda.webb@corp.nexusai.com,Amanda,Webb,Amanda Webb,Marketing,Marketing Analyst,ACTIVE,2022-08-31 00:00:00,2026-06-10 00:00:00,2026-05-23 00:00:00,True,e3ad64d4-eab9-eb02-2f1d-c1217d024c6d,regular
00un6uvq2rpuvn3vbi,ryan.simon@corp.nexusai.com,ryan.simon@corp.nexusai.com,Ryan,Simon,Ryan Simon,Finance,Finance Manager,ACTIVE,2023-11-17 00:00:00,2026-06-07 00:00:00,2026-05-29 00:00:00,True,d6cd3155-08a8-ac7f-8621-38ad0f09105c,regular
00ua4aal095z8fe8b2,joseph.christian@corp.nexusai.com,joseph.christian@corp.nexusai.com,Joseph,Christian,Joseph Christian,Sales,Sales Manager,ACTIVE,2023-04-23 00:00:00,2026-06-19 00:00:00,2026-05-26 00:00:00,True,a175a9c3-d7b1-02a9-2332-a50e6992896e,regular
00umftoo5xcr5namzh,mariah.miller@corp.nexusai.com,mariah.miller@corp.nexusai.com,Mariah,Miller,Mariah Miller,Engineering,QA Engineer,ACTIVE,2021-10-11 00:00:00,2026-06-12 00:00:00,2026-05-30 00:00:00,True,e9aa144b-9dd4-3675-ef14-5064aab07015,regular
00umb8q93a1du10rh7,nicholas.johnson@corp.nexusai.com,nicholas.johnson@corp.nexusai.com,Nicholas,Johnson,Nicholas Johnson,Sales,Sales Development Rep,ACTIVE,2025-03-20 00:00:00,2026-06-14 00:00:00,2026-05-24 00:00:00,False,3db02235-261e-2555-863e-1f2a18a806ef,regular
00u35x7codr082uazm,melissa.white@corp.nexusai.com,melissa.white@corp.nexusai.com,Melissa,White,Melissa White,Finance,Controller,ACTIVE,2021-08-03 00:00:00,2026-06-10 00:00:00,2026-05-27 00:00:00,False,f5948a54-5f80-4eeb-143a-9aff659b0105,regular
00ucyueid2dt1egd9d,matthew.beard@corp.nexusai.com,matthew.beard@corp.nexusai.com,Matthew,Beard,Matthew Beard,Legal,Paralegal,ACTIVE,2024-04-27 00:00:00,2026-06-08 00:00:00,2026-06-10 00:00:00,True,79db7862-8d7d-d772-608e-2f5c61177270,regular
00uggaemi6qw042lpi,jacqueline.hill@corp.nexusai.com,jacqueline.hill@corp.nexusai.com,Jacqueline,Hill,Jacqueline Hill,Finance,Financial Analyst,ACTIVE,2024-11-29 00:00:00,2026-06-15 00:00:00,2026-06-04 00:00:00,True,f94d8fcb-dba3-496f-fa32-3f6990dbfad6,regular
00ucdit16wt8jj4tvs,alejandro.vaughan@corp.nexusai.com,alejandro.vaughan@corp.nexusai.com,Alejandro,Vaughan,Alejandro Vaughan,IT-Operations,IT Support Specialist,ACTIVE,2024-12-01 00:00:00,2026-06-17 00:00:00,2026-05-07 00:00:00,True,9118c400-e336-c243-b139-c476de3ce88b,regular
00uvt0vkg3c5oaoo3n,christopher.cortez@corp.nexusai.com,christopher.cortez@corp.nexusai.com,Christopher,Cortez,Christopher Cortez,HR,HR Manager,ACTIVE,2023-10-23 00:00:00,2026-06-15 00:00:00,2026-05-18 00:00:00,True,d9b59f84-edc3-a1c3-2dea-2d2d086c405f,regular
00up4vynzlaxaewb9h,tracy.chang@corp.nexusai.com,tracy.chang@corp.nexusai.com,Tracy,Chang,Tracy Chang,Marketing,Marketing Manager,ACTIVE,2023-02-20 00:00:00,2026-06-18 00:00:00,2026-04-29 00:00:00,True,edcabf94-65f6-ba53-d226-a8b3b674410d,regular
00uxk71ehjimm8yxu1,hannah.brewer@corp.nexusai.com,hannah.brewer@corp.nexusai.com,Hannah,Brewer,Hannah Brewer,Operations,Process Engineer,ACTIVE,2023-11-11 00:00:00,2026-06-10 00:00:00,2026-06-12 00:00:00,True,b076a7dc-fd0c-e433-ca5e-151b23d3cd4c,regular
00upcm8sjupdri65nf,travis.mcguire@corp.nexusai.com,travis.mcguire@corp.nexusai.com,Travis,Mcguire,Travis Mcguire,HR,Compensation Analyst,ACTIVE,2021-02-27 00:00:00,2026-06-13 00:00:00,2026-06-03 00:00:00,False,1375ee90-d6b3-61e4-3b6d-ca0d6fe5040b,regular
00u4ek6y6x573lux74,christopher.walker@corp.nexusai.com,christopher.walker@corp.nexusai.com,Christopher,Walker,Christopher Walker,Legal,Senior Legal Counsel,ACTIVE,2023-10-27 00:00:00,2025-11-03 00:00:00,2026-04-29 00:00:00,True,a255e1bb-0795-8c1f-538d-6b8cc607b1e9,regular
00u54rzcnom2pznt1y,heather.torres@corp.nexusai.com,heather.torres@corp.nexusai.com,Heather,Torres,Heather Torres,Executive,CISO,ACTIVE,2023-01-01 00:00:00,2026-06-16 00:00:00,2026-04-22 00:00:00,True,2f8c83e5-6e8d-9644-601b-fbcbf0eebcce,regular
00ukxq9fifs27woc36,bonnie.kennedy@corp.nexusai.com,bonnie.kennedy@corp.nexusai.com,Bonnie,Kennedy,Bonnie Kennedy,IT-Operations,Infrastructure Engineer,ACTIVE,2024-09-20 00:00:00,2026-06-10 00:00:00,2026-05-05 00:00:00,True,12d15585-b68e-47fa-3f17-5534cc4d5819,regular
00u6jzoon4o7933vfu,julie.rivera@corp.nexusai.com,julie.rivera@corp.nexusai.com,Julie,Rivera,Julie Rivera,Engineering,Software Engineer,ACTIVE,2024-07-13 00:00:00,2025-07-16 00:00:00,2026-06-08 00:00:00,True,1a7167c7-6875-9545-832f-52c48e0370cf,regular
00uvo01z8tubcijvzy,jacqueline.nelson@corp.nexusai.com,jacqueline.nelson@corp.nexusai.com,Jacqueline,Nelson,Jacqueline Nelson,Engineering,Senior Software Engineer,ACTIVE,2021-12-11 00:00:00,2026-06-16 00:00:00,2026-06-14 00:00:00,True,c777a07f-6346-d4ef-69ef-74e34ab6821c,regular
00unze8ym4gv2tfkg9,john.martinez@corp.nexusai.com,john.martinez@corp.nexusai.com,John,Martinez,John Martinez,Marketing,Content Strategist,ACTIVE,2022-08-18 00:00:00,2026-06-19 00:00:00,2026-05-21 00:00:00,True,3e245fbf-fa69-8cd2-fe23-90f3e7bbaefc,regular
00ulc5blmeysnos7e3,james.wilson@corp.nexusai.com,james.wilson@corp.nexusai.com,James,Wilson,James Wilson,Operations,Supply Chain Analyst,ACTIVE,2023-01-02 00:00:00,2026-06-08 00:00:00,2026-04-24 00:00:00,True,44d7df9a-238b-05b7-2b64-777c6177a771,regular
00udx7aku0zkhi804e,amanda.gill@corp.nexusai.com,amanda.gill@corp.nexusai.com,Amanda,Gill,Amanda Gill,HR,Compensation Analyst,ACTIVE,2022-05-19 00:00:00,2026-06-08 00:00:00,2026-05-19 00:00:00,False,c85cd714-7bf6-9552-4cbc-90446bcd5ce7,regular
00uzp7v533cfs3wtzl,todd.hardy@corp.nexusai.com,todd.hardy@corp.nexusai.com,Todd,Hardy,Todd Hardy,HR,HR Business Partner,ACTIVE,2020-11-18 00:00:00,2026-06-09 00:00:00,2026-04-28 00:00:00,True,dcb9075e-cdd7-f460-6140-77d39ec4ea48,regular
00u09hxeg6u02kqn6c,tiffany.warren@corp.nexusai.com,tiffany.warren@corp.nexusai.com,Tiffany,Warren,Tiffany Warren,Marketing,Brand Specialist,ACTIVE,2020-12-05 00:00:00,2026-06-16 00:00:00,2026-05-26 00:00:00,True,b1fead13-f280-df1d-9a6c-0db952171c88,regular
00u3ef9p2i4rkkbgls,justin.garcia@corp.nexusai.com,justin.garcia@corp.nexusai.com,Justin,Garcia,Justin Garcia,Engineering,Principal Engineer,ACTIVE,2021-05-29 00:00:00,2026-06-09 00:00:00,2026-05-31 00:00:00,True,c82f78fd-936c-d31c-f7bf-52447db2a7aa,regular
00u2d7gyt2dadympxp,james.perez@corp.nexusai.com,james.perez@corp.nexusai.com,James,Perez,James Perez,Legal,Paralegal,ACTIVE,2024-11-27 00:00:00,2026-06-11 00:00:00,2026-05-04 00:00:00,True,2e0fb5b3-8bae-591e-ff4c-c10f979c30cf,regular
00uu9mn8z1hongwula,harry.smith@corp.nexusai.com,harry.smith@corp.nexusai.com,Harry,Smith,Harry Smith,HR,HR Business Partner,ACTIVE,2023-05-28 00:00:00,2026-06-16 00:00:00,2026-05-25 00:00:00,True,11b461e9-b15d-a72d-d4ce-e27c4a94ae9f,regular
00uzuayn3oerxcen0t,amanda.hill@corp.nexusai.com,amanda.hill@corp.nexusai.com,Amanda,Hill,Amanda Hill,Legal,Contract Specialist,ACTIVE,2021-03-02 00:00:00,2025-08-17 00:00:00,2026-05-18 00:00:00,True,40afbf3f-3df5-1967-4d86-70bda2224f96,regular
00u6o6aobhtp1pfdix,terri.tran@corp.nexusai.com,terri.tran@corp.nexusai.com,Terri,Tran,Terri Tran,Sales,Sales Development Rep,ACTIVE,2025-05-18 00:00:00,2026-06-18 00:00:00,2026-06-10 00:00:00,True,ec6a37ad-81b1-5db9-88cc-4d49669b29b8,regular
00u5smjyncp2viruc7,heidi.martinez@corp.nexusai.com,heidi.martinez@corp.nexusai.com,Heidi,Martinez,Heidi Martinez,Finance,Controller,ACTIVE,2021-04-01 00:00:00,2026-06-15 00:00:00,2026-06-05 00:00:00,False,cff2b1c4-e53f-9644-b39e-4df25c0a1feb,regular
00u5emdjnifl9np6f1,miranda.henry@corp.nexusai.com,miranda.henry@corp.nexusai.com,Miranda,Henry,Miranda Henry,Legal,Compliance Officer,ACTIVE,2023-11-21 00:00:00,2026-06-15 00:00:00,2026-05-14 00:00:00,True,902f3465-0b57-0720-9cd8-758ba5a1c825,regular
00uxzyk42161j4by1f,monique.andrews@corp.nexusai.com,monique.andrews@corp.nexusai.com,Monique,Andrews,Monique Andrews,IT-Operations,IT Support Specialist,ACTIVE,2024-04-16 00:00:00,2026-06-09 00:00:00,2026-05-13 00:00:00,True,38d5101f-423c-ad9d-193e-478302b34254,regular
00ut8j9lqy3t3sy94e,taylor.alexander@corp.nexusai.com,taylor.alexander@corp.nexusai.com,Taylor,Alexander,Taylor Alexander,Sales,Account Executive,ACTIVE,2022-01-04 00:00:00,2026-06-09 00:00:00,2026-05-27 00:00:00,True,38958939-9342-a09f-b00a-c64c949cd8d4,regular
00u1pp4cxbjq3jqpka,shelley.woods@corp.nexusai.com,shelley.woods@corp.nexusai.com,Shelley,Woods,Shelley Woods,HR,HR Specialist,ACTIVE,2025-05-22 00:00:00,2025-11-21 00:00:00,2026-04-24 00:00:00,True,57d337d3-4fd8-0bbb-592c-11072444d301,regular
00ut0fgwjrnztak5ag,lynn.morales@corp.nexusai.com,lynn.morales@corp.nexusai.com,Lynn,Morales,Lynn Morales,Executive,COO,ACTIVE,2023-07-14 00:00:00,2025-07-30 00:00:00,2026-06-19 00:00:00,True,0b705933-4cde-1b6b-1132-567c51a40d2a,regular
00ue070s1klxlim5l6,charles.soto@corp.nexusai.com,charles.soto@corp.nexusai.com,Charles,Soto,Charles Soto,Operations,Business Operations Specialist,ACTIVE,2021-01-27 00:00:00,2026-06-19 00:00:00,2026-05-30 00:00:00,True,ee0f65a8-2a13-1c1f-ccd0-15c1ad5900dd,regular
00uhrevbp45gadracg,brian.hernandez@corp.nexusai.com,brian.hernandez@corp.nexusai.com,Brian,Hernandez,Brian Hernandez,Operations,Operations Analyst,ACTIVE,2024-07-24 00:00:00,2026-06-08 00:00:00,2026-06-02 00:00:00,True,a137f8e4-67b1-3040-cc39-b9253b5ae288,regular
00uxzydwvga3zibh7r,anna.torres@corp.nexusai.com,anna.torres@corp.nexusai.com,Anna,Torres,Anna Torres,Sales,Account Executive,ACTIVE,2022-07-02 00:00:00,2026-01-21 00:00:00,2026-05-08 00:00:00,True,0123a348-638a-bdf6-6df7-2cd3979aa051,regular
00upx2460maubxcu2o,kathy.obrien@corp.nexusai.com,kathy.obrien@corp.nexusai.com,Kathy,Obrien,Kathy Obrien,Finance,Financial Analyst,ACTIVE,2022-06-30 00:00:00,2026-06-15 00:00:00,2026-05-07 00:00:00,True,1d2c2721-7522-0646-3273-75bf5373bf4d,regular
00uk2h48ppnkfg1bku,krystal.perez@corp.nexusai.com,krystal.perez@corp.nexusai.com,Krystal,Perez,Krystal Perez,HR,Compensation Analyst,ACTIVE,2021-04-12 00:00:00,2026-06-10 00:00:00,2026-06-17 00:00:00,True,5a1baf0e-5911-96dc-1d3e-503a9645f0e4,regular
00uyroq4hi85fvoevy,alexandra.hayes@corp.nexusai.com,alexandra.hayes@corp.nexusai.com,Alexandra,Hayes,Alexandra Hayes,Security,IAM Engineer,ACTIVE,2022-09-15 00:00:00,2025-08-04 00:00:00,2026-05-28 00:00:00,True,97154633-9d4e-db71-eb2e-c80e4c255823,regular
00uatd8my1uxi7ogza,scott.dalton@corp.nexusai.com,scott.dalton@corp.nexusai.com,Scott,Dalton,Scott Dalton,Legal,Compliance Officer,ACTIVE,2022-10-23 00:00:00,2026-06-07 00:00:00,2026-05-17 00:00:00,True,243012da-b185-0eb8-5f90-fc872edc017e,regular
00u83ujso53jsjcut6,veronica.torres@corp.nexusai.com,veronica.torres@corp.nexusai.com,Veronica,Torres,Veronica Torres,Sales,Sales Manager,ACTIVE,2021-09-06 00:00:00,2026-06-11 00:00:00,2026-05-02 00:00:00,True,6c4c450b-623a-d0fc-9326-7d25234b4562,regular
00ukb9zv14wzze7ssm,christine.lynch@corp.nexusai.com,christine.lynch@corp.nexusai.com,Christine,Lynch,Christine Lynch,Executive,CTO,ACTIVE,2020-11-08 00:00:00,2026-06-10 00:00:00,2026-05-03 00:00:00,True,2ab7b2ef-8e0e-c033-2c59-1da8fff96acf,regular
00u9zgiudt3ki24sjn,jody.meza@corp.nexusai.com,jody.meza@corp.nexusai.com,Jody,Meza,Jody Meza,Executive,CEO,ACTIVE,2021-06-30 00:00:00,2026-06-08 00:00:00,2026-04-23 00:00:00,False,f3abea0d-5be9-fdb3-dd92-dd7c0db977a9,regular
00unmaxgjy1kdgw4ld,jared.clark@corp.nexusai.com,jared.clark@corp.nexusai.com,Jared,Clark,Jared Clark,Operations,Operations Manager,ACTIVE,2020-10-11 00:00:00,2026-06-11 00:00:00,2026-05-14 00:00:00,True,68bd075b-7eb6-581e-a72f-947d816462cb,regular
00uf3yr2xahhfh56ob,donna.moore@corp.nexusai.com,donna.moore@corp.nexusai.com,Donna,Moore,Donna Moore,Sales,Regional Sales Director,ACTIVE,2023-07-02 00:00:00,2026-02-15 00:00:00,2026-06-08 00:00:00,False,cbbed980-07e6-7cb0-90bd-e9001529e6f5,regular
00ue78hnhlla92uhci,glenn.jones@corp.nexusai.com,glenn.jones@corp.nexusai.com,Glenn,Jones,Glenn Jones,Security,Security Engineer,ACTIVE,2023-09-04 00:00:00,2025-08-07 00:00:00,2026-04-25 00:00:00,True,7eccdaf4-c413-4dc2-c5c5-ae8abe15ad12,regular
00uptc7s82i5u7w86n,aaron.hayes@corp.nexusai.com,aaron.hayes@corp.nexusai.com,Aaron,Hayes,Aaron Hayes,HR,HR Specialist,ACTIVE,2024-06-22 00:00:00,2026-06-09 00:00:00,2026-05-04 00:00:00,True,8ac35ac4-5dea-a737-fdab-3441d2c2a960,regular
00ugcpcmjtni9nwri1,brittney.carter@corp.nexusai.com,brittney.carter@corp.nexusai.com,Brittney,Carter,Brittney Carter,IT-Operations,Cloud Engineer,ACTIVE,2024-04-03 00:00:00,2026-06-18 00:00:00,2026-06-13 00:00:00,True,bc69c155-1a37-f6bd-6cd6-f011fd61f13b,regular
00ue9qqykz3fq1j8ne,jesse.mann@corp.nexusai.com,jesse.mann@corp.nexusai.com,Jesse,Mann,Jesse Mann,Legal,Paralegal,ACTIVE,2021-10-22 00:00:00,2026-06-16 00:00:00,2026-05-29 00:00:00,True,dcb91d5f-593c-572b-4347-dbca7321a8b2,regular
00urmx6k0ju1ybperh,jacqueline.gibson@corp.nexusai.com,jacqueline.gibson@corp.nexusai.com,Jacqueline,Gibson,Jacqueline Gibson,IT-Operations,IT Manager,ACTIVE,2023-05-30 00:00:00,2025-08-11 00:00:00,2026-06-02 00:00:00,False,bcd4344f-cf8a-368e-35ba-93573ca87f31,regular
00ulw89z4iqa6jijyr,grace.bradshaw@corp.nexusai.com,grace.bradshaw@corp.nexusai.com,Grace,Bradshaw,Grace Bradshaw,Engineering,Data Engineer,ACTIVE,2021-10-26 00:00:00,2025-09-16 00:00:00,2026-05-09 00:00:00,True,88438de2-59cf-0b0d-91f0-647d0f321333,regular
00uuffepfkdfs95a16,donna.peck@corp.nexusai.com,donna.peck@corp.nexusai.com,Donna,Peck,Donna Peck,Sales,Regional Sales Director,ACTIVE,2021-02-23 00:00:00,2026-06-18 00:00:00,2026-05-07 00:00:00,True,695e5ea9-c923-0c64-c006-2b5bf67839b2,regular
00uc2k7olexi6wd15y,ronald.stephens@corp.nexusai.com,ronald.stephens@corp.nexusai.com,Ronald,Stephens,Ronald Stephens,Sales,Sales Manager,ACTIVE,2025-06-16 00:00:00,2026-06-14 00:00:00,2026-06-04 00:00:00,True,3f5fbf4f-d417-6230-5274-ee11b61df906,regular
00ukxhvp8hst4sqnaz,deborah.kerr@corp.nexusai.com,deborah.kerr@corp.nexusai.com,Deborah,Kerr,Deborah Kerr,Marketing,Demand Generation Manager,ACTIVE,2025-05-10 00:00:00,2026-06-08 00:00:00,2026-06-09 00:00:00,True,600b4b35-6a0a-a7d5-a0b8-575544caa5a2,regular
00uwag15mf76j0h5aj,margaret.jones@corp.nexusai.com,margaret.jones@corp.nexusai.com,Margaret,Jones,Margaret Jones,Executive,VP Sales,ACTIVE,2021-06-13 00:00:00,2026-06-20 00:00:00,2026-04-24 00:00:00,True,7466ef02-5e7b-72c8-e097-dedbefb3b939,regular
00uiw1awmhmsciz0vc,gabriel.parker@corp.nexusai.com,gabriel.parker@corp.nexusai.com,Gabriel,Parker,Gabriel Parker,Executive,VP Sales,ACTIVE,2023-07-02 00:00:00,2026-06-14 00:00:00,2026-04-23 00:00:00,True,b28187c4-aa05-5442-a284-e8fd755cee2a,regular
00ujw6apdv1a14ss5f,kaitlyn.carroll@corp.nexusai.com,kaitlyn.carroll@corp.nexusai.com,Kaitlyn,Carroll,Kaitlyn Carroll,Legal,Senior Legal Counsel,ACTIVE,2022-08-14 00:00:00,2026-06-15 00:00:00,2026-04-27 00:00:00,True,48998e5f-d40e-53ce-52a7-4a4144bed486,regular
00uw0pudlcaduns4rg,sherri.mason@corp.nexusai.com,sherri.mason@corp.nexusai.com,Sherri,Mason,Sherri Mason,Legal,Senior Legal Counsel,ACTIVE,2023-07-03 00:00:00,2026-06-07 00:00:00,2026-05-08 00:00:00,False,dfda35b2-28b2-bf21-4d47-0ed6a6663769,regular
00u1lq5xvthga9ivxx,troy.miller@corp.nexusai.com,troy.miller@corp.nexusai.com,Troy,Miller,Troy Miller,Finance,Senior Financial Analyst,ACTIVE,2023-12-08 00:00:00,2026-06-11 00:00:00,2026-06-18 00:00:00,True,a61f0b96-e75f-745a-aa1d-3fc65f31273d,regular
00u7xprnyfgihcmm2g,bill.reynolds@corp.nexusai.com,bill.reynolds@corp.nexusai.com,Bill,Reynolds,Bill Reynolds,Engineering,Principal Engineer,ACTIVE,2020-09-13 00:00:00,2026-06-20 00:00:00,2026-04-28 00:00:00,True,1758d47e-a7cd-e143-6de2-14293bf0d9c1,regular
00uwx2h1e4076bkris,marcus.wright@corp.nexusai.com,marcus.wright@corp.nexusai.com,Marcus,Wright,Marcus Wright,HR,HR Specialist,ACTIVE,2023-02-09 00:00:00,2026-06-08 00:00:00,2026-06-02 00:00:00,True,57f479b5-b212-a6ee-0210-63710260a123,regular
00urnlakna6367qtos,christopher.hayden@corp.nexusai.com,christopher.hayden@corp.nexusai.com,Christopher,Hayden,Christopher Hayden,Operations,Business Operations Specialist,ACTIVE,2024-01-31 00:00:00,2025-08-18 00:00:00,2026-05-22 00:00:00,True,1a6b6a7d-1a38-aad6-ce53-2ffdbb134f02,regular
00upn8hawxuf9qi0su,mary.johnston@corp.nexusai.com,mary.johnston@corp.nexusai.com,Mary,Johnston,Mary Johnston,HR,Compensation Analyst,ACTIVE,2023-01-30 00:00:00,2025-04-01 00:00:00,2026-06-10 00:00:00,True,11836c4f-2492-04c7-ad58-db1bfe31537a,regular
00uzj2o1xj4f5l3llm,stephanie.key@corp.nexusai.com,stephanie.key@corp.nexusai.com,Stephanie,Key,Stephanie Key,Engineering,Engineering Manager,ACTIVE,2024-03-05 00:00:00,2025-09-25 00:00:00,2026-06-08 00:00:00,True,9db7284b-6965-d1d1-eb7e-2e6426c0747e,regular
00uag8vfmi42ktv4jp,emily.adams@corp.nexusai.com,emily.adams@corp.nexusai.com,Emily,Adams,Emily Adams,Engineering,Software Engineer,ACTIVE,2025-01-09 00:00:00,2026-06-09 00:00:00,2026-05-07 00:00:00,False,3f6eed9d-23cb-e943-ca84-000350834fef,regular
00ud8r8hbcg8sg60ja,billy.avila@corp.nexusai.com,billy.avila@corp.nexusai.com,Billy,Avila,Billy Avila,HR,Talent Acquisition Specialist,ACTIVE,2022-12-30 00:00:00,2025-07-05 00:00:00,2026-05-14 00:00:00,True,f0f7ad22-c76a-8e0f-48f0-91f09b8b38ae,regular
00uwevhxfcjl17vl1j,thomas.pearson@corp.nexusai.com,thomas.pearson@corp.nexusai.com,Thomas,Pearson,Thomas Pearson,Finance,Senior Financial Analyst,ACTIVE,2024-10-17 00:00:00,2026-06-16 00:00:00,2026-06-09 00:00:00,True,304b2370-8270-1238-9b5f-8f39848b34f0,regular
00utswgr5xqeajjujy,sabrina.white@corp.nexusai.com,sabrina.white@corp.nexusai.com,Sabrina,White,Sabrina White,Legal,Compliance Officer,ACTIVE,2021-02-03 00:00:00,2026-06-09 00:00:00,2026-06-18 00:00:00,True,62c965b2-7eb0-f62a-3d45-74ebf4655a21,regular
00u24eh1rjfuilywu5,brenda.walters@corp.nexusai.com,brenda.walters@corp.nexusai.com,Brenda,Walters,Brenda Walters,Executive,CEO,ACTIVE,2022-05-28 00:00:00,2025-07-06 00:00:00,2026-06-18 00:00:00,True,5c70ee97-fca4-5567-0316-d2d6fa4a58ef,regular
00u140vipy09588588,travis.davis@corp.nexusai.com,travis.davis@corp.nexusai.com,Travis,Davis,Travis Davis,Legal,Contract Specialist,ACTIVE,2025-02-10 00:00:00,2026-06-20 00:00:00,2026-04-29 00:00:00,True,2c3aacdc-aed5-4a46-8bde-005b5d8babd7,regular
00uyb1xdge4kbjxjfp,michael.cook@corp.nexusai.com,michael.cook@corp.nexusai.com,Michael,Cook,Michael Cook,Finance,Treasury Analyst,ACTIVE,2024-05-12 00:00:00,2026-06-13 00:00:00,2026-05-23 00:00:00,True,495743a2-81b1-3b80-65e1-b0f5ca0ee8c4,regular
00uea0jl4i7t40v2as,elizabeth.hodge@corp.nexusai.com,elizabeth.hodge@corp.nexusai.com,Elizabeth,Hodge,Elizabeth Hodge,Marketing,Marketing Analyst,ACTIVE,2021-03-31 00:00:00,2026-06-12 00:00:00,2026-06-06 00:00:00,True,66fba71d-b3a9-dcaa-6c6f-6d2e6a59c043,regular
00u7yinzdozl9e34uz,keith.landry@corp.nexusai.com,keith.landry@corp.nexusai.com,Keith,Landry,Keith Landry,Engineering,Senior Software Engineer,ACTIVE,2024-09-02 00:00:00,2026-06-18 00:00:00,2026-06-18 00:00:00,True,9620bee6-6406-face-53a5-e8508950ddd6,regular
00uykdx1mrggexvbps,shawn.edwards@corp.nexusai.com,shawn.edwards@corp.nexusai.com,Shawn,Edwards,Shawn Edwards,Sales,Sales Development Rep,ACTIVE,2023-08-14 00:00:00,2026-06-08 00:00:00,2026-05-03 00:00:00,True,1db14bfc-6f3a-5115-ecb4-678c16120aa6,regular
00uk8genatm9mcprfc,marcus.cordova@corp.nexusai.com,marcus.cordova@corp.nexusai.com,Marcus,Cordova,Marcus Cordova,Marketing,Marketing Analyst,ACTIVE,2025-04-27 00:00:00,2026-06-07 00:00:00,2026-04-28 00:00:00,True,033e02f7-1e93-d127-2cf7-2140bd9bc648,regular
00u06g6jby4cskj3ff,richard.robertson@corp.nexusai.com,richard.robertson@corp.nexusai.com,Richard,Robertson,Richard Robertson,Engineering,Senior Software Engineer,ACTIVE,2020-10-07 00:00:00,2026-06-11 00:00:00,2026-05-02 00:00:00,True,d28fcf68-c871-d7b3-8468-b74d85e3ade5,regular
00ukerxwfel3q4q2ih,jacob.cox@corp.nexusai.com,jacob.cox@corp.nexusai.com,Jacob,Cox,Jacob Cox,Finance,Controller,ACTIVE,2025-03-01 00:00:00,2026-06-20 00:00:00,2026-06-02 00:00:00,True,0e3141ec-5c31-1464-82c2-99f07487d772,regular
00u5cxsz0i2x6uxf06,katherine.garrett@corp.nexusai.com,katherine.garrett@corp.nexusai.com,Katherine,Garrett,Katherine Garrett,Finance,Senior Financial Analyst,ACTIVE,2021-12-03 00:00:00,2026-06-14 00:00:00,2026-05-08 00:00:00,True,ac93281a-92eb-eab0-e4ee-c67c1a57f9e4,regular
00uy3fw3383gflgz1m,kathleen.harris@corp.nexusai.com,kathleen.harris@corp.nexusai.com,Kathleen,Harris,Kathleen Harris,IT-Operations,IT Manager,ACTIVE,2021-09-27 00:00:00,2026-01-18 00:00:00,2026-04-30 00:00:00,True,eb93f78c-620a-f158-5d2d-904f78c59073,regular
00ujnucydx14ndnb1r,andrea.pennington@corp.nexusai.com,andrea.pennington@corp.nexusai.com,Andrea,Pennington,Andrea Pennington,Operations,Operations Manager,ACTIVE,2024-03-25 00:00:00,2026-06-12 00:00:00,2026-05-24 00:00:00,True,3f8e2d0d-5261-9dec-3979-d5f56b5bc975,regular
00uqlfjerzft207nql,samuel.wolfe@corp.nexusai.com,samuel.wolfe@corp.nexusai.com,Samuel,Wolfe,Samuel Wolfe,HR,HR Business Partner,ACTIVE,2025-04-16 00:00:00,2026-06-17 00:00:00,2026-06-12 00:00:00,True,ac5f12ef-8085-c147-1e91-0f365f705b25,regular
00ugcnm08kynwnmaxx,chelsea.allen@corp.nexusai.com,chelsea.allen@corp.nexusai.com,Chelsea,Allen,Chelsea Allen,Operations,Process Engineer,ACTIVE,2023-03-20 00:00:00,2026-06-11 00:00:00,2026-05-22 00:00:00,True,c8d57717-9055-a36f-4aa5-f9d3335f2f59,regular
00ubtt6h5300ww817v,eric.pierce@corp.nexusai.com,eric.pierce@corp.nexusai.com,Eric,Pierce,Eric Pierce,Legal,Paralegal,ACTIVE,2023-04-20 00:00:00,2026-06-13 00:00:00,2026-05-10 00:00:00,True,f8cbab4c-9779-0e84-5e47-2e2276c3e642,regular
00uhl31xl9k81ys1sg,andrea.davis@corp.nexusai.com,andrea.davis@corp.nexusai.com,Andrea,Davis,Andrea Davis,Finance,Finance Manager,ACTIVE,2024-07-23 00:00:00,2026-06-11 00:00:00,2026-06-04 00:00:00,True,268b84b6-3ec0-a285-cbc4-ec0ec2aef674,regular
00ufgfb0g58g26cs0n,steven.wilson@corp.nexusai.com,steven.wilson@corp.nexusai.com,Steven,Wilson,Steven Wilson,Finance,Finance Manager,ACTIVE,2020-09-04 00:00:00,2025-07-26 00:00:00,2026-05-23 00:00:00,False,bcf2fc3b-d958-74c2-6053-8c1ba84510a1,regular
00ut0pa0cabjx7uvk1,marilyn.jimenez@corp.nexusai.com,marilyn.jimenez@corp.nexusai.com,Marilyn,Jimenez,Marilyn Jimenez,Finance,Senior Financial Analyst,ACTIVE,2025-04-28 00:00:00,2026-06-11 00:00:00,2026-05-29 00:00:00,True,47a2a10b-b62e-db49-2472-96a4ff38b918,regular
00uzq9kunffb1ajb8f,tina.sanchez@corp.nexusai.com,tina.sanchez@corp.nexusai.com,Tina,Sanchez,Tina Sanchez,Marketing,Marketing Manager,ACTIVE,2022-03-04 00:00:00,2026-06-09 00:00:00,2026-05-02 00:00:00,True,a3209116-222d-f6a4-8163-b6ce1877bc06,regular
00urfjbgh3hgjsqlfe,andrea.reyes@corp.nexusai.com,andrea.reyes@corp.nexusai.com,Andrea,Reyes,Andrea Reyes,IT-Operations,Cloud Engineer,ACTIVE,2021-05-20 00:00:00,2026-06-10 00:00:00,2026-05-29 00:00:00,True,ed1115d7-50a4-6c85-d9d5-7b0242d04d55,regular
00u8b76jnxhnbuiofi,sandra.romero@corp.nexusai.com,sandra.romero@corp.nexusai.com,Sandra,Romero,Sandra Romero,Sales,Sales Development Rep,ACTIVE,2021-04-12 00:00:00,2026-06-17 00:00:00,2026-06-11 00:00:00,True,1b0c62eb-27c8-fc6c-1be5-a4c395af6d0c,regular
00urr4mfw9s3516zmq,natasha.shields@corp.nexusai.com,natasha.shields@corp.nexusai.com,Natasha,Shields,Natasha Shields,IT-Operations,Cloud Engineer,ACTIVE,2023-10-07 00:00:00,2025-11-21 00:00:00,2026-05-20 00:00:00,True,73b0d676-3527-a5c8-c534-ca08f6f24d1c,regular
00ulmrzgtkn5121rug,joshua.tyler@corp.nexusai.com,joshua.tyler@corp.nexusai.com,Joshua,Tyler,Joshua Tyler,Engineering,QA Engineer,ACTIVE,2025-03-09 00:00:00,2026-06-08 00:00:00,2026-05-20 00:00:00,True,b46788bd-d38e-13e4-4de1-087bafa14a55,regular
00uuavn3uo9eysn7ng,william.hoover@corp.nexusai.com,william.hoover@corp.nexusai.com,William,Hoover,William Hoover,Sales,Regional Sales Director,ACTIVE,2024-06-02 00:00:00,2026-06-17 00:00:00,2026-05-04 00:00:00,True,d1f16485-429a-4a7c-4c80-d33aad5be3c8,regular
